0	Abadox	1	1989	Milton Bradley	6.3	Shooter	0.0	0.0	0.0	0.0	0.0	Abadox.zip
2	AD&D: Dragon Strike	2	1992	Pony Canyon	6.3	Role-Playing						Advanced Dungeons & Dragons - Dragonstrike.zip
4	AD&D: Heroes of the Lance	1	1990	Pony Canyon	4.9	Role-Playing						Advanced Dungeons & Dragons - Heroes of the Lance.zip
5	AD&D: Hillsfar	1	1992	FCI Inc.	4.3	Role-Playing	0.0	0.0	0.0	0.0	0.0	Advanced Dungeons & Dragons - Hillsfar.zip
6	AD&D: Pool of Radiance	1	1991	FCI Inc.	7.3	Role-Playing	0.0	0.0	0.0	0.0	0.0	Advanced Dungeons & Dragons - Pool of Radiance.zip
7	Addams Family The	1	1991	Ocean	7.1	Platform	0.0	0.0	0.0	0.0	0.0	Addams Family, The.zip
8	TheAddams Family: Pugsley's Scavenger Hunt	1	1992	Ocean	6.2	Platform	0.0	0.0	0.0	0.0	0.0	Addams Family - Pugsley's Scavenger Hunt, The.zip
9	Adventure Island	1	1987	Hudson Soft	9.6	Platform	0.0	0.0	1.05	0.0	1.05	Adventure Island.zip
11	Adventure Island II	1	1990	Hudson Soft	9.8	Platform	0.0	0.0	0.0	0.0	0.0	Adventure Island II.zip
12	Adventure Island III	1	1992	Hudson Soft	9.8	Platform	0.0	0.0	0.0	0.0	0.0	Adventure Island III.zip
13	Adventures in the Magic Kingdom	1	1990	Capcom	7.6	Action	0.0	0.0	0.0	0.0	0.0	Adventures in the Magic Kingdom.zip
14	Adventures of Bayou Billy The	1	1989	Konami	6	Action	0.0	0.0	0.0	0.0	0.0	Adventures of Bayou Billy, The.zip
16	Adventures of Dino Riki	1	1989	Hudson Soft	7.1	Shooter	0.0	0.0	0.0	0.0	0.0	Adventures of Dino Riki, The.zip
17	Adventures of Lolo 2 The	1	1989	Hal	9.8	Puzzle	0.0	0.0	0.0	0.0	0.0	Adventures of Lolo II , The.zip
18	Adventures of Lolo 3 The	1	1991	Hal	9.8	Puzzle	0.0	0.0	0.0	0.0	0.0	Adventures of Lolo III , The.zip
19	Adventures of Lolo The	1	1989	HAL Labs	9.7	Puzzle	0.06	0.0	0.0	0.0	0.06	Adventures of Lolo, The.zip
21	Adventures of Rad Gravity The	1	1990	Activision	5	Platform	0.0	0.0	0.0	0.0	0.0	Adventures of Rad Gravity, The.zip
22	Adventures of Rocky and Bullwinkle and Friends The	1	1992	THQ	5.7	Platform	0.0	0.0	0.0	0.0	0.0	Adventures of Rocky & Bullwinkle and Friends, The.zip
23	Adventures of Tom Sawyer	2	1989	Seta Corporation	2.5	Action	0.0	0.0	0.0	0.0	0.0	Adventures of Tom Sawyer, The.zip
26	Air Fortress	1	1989	Hal	6.6	Shooter	0.0	0.0	0.0	0.0	0.0	Air Fortress.zip
27	Air Wolf	1	1988	Acclaim	4.6	Action	0.0	0.0	0.0	0.0	0.0	Airwolf.zip
28	Airwolf	1	2003	Acclaim Entertainment	5.6	Action	0.0	0.0	0.0	0.0	0.0	Airwolf.zip
30	Al Unser Jr. Turbo Racing	1	1988	Data East	9.7	Racing	0.0	0.0	0.0	0.0	0.0	Al Unser Jr.'s Turbo Racing.nes.zip
31	Alfred Chicken	1	1993	Mindscape Inc.	5.8	Platform	0.0	0.0	0.0	0.0	0.0	Alfred Chicken.zip
32	Alien 3	1	1993	LJN Ltd.	5.4	Action	0.0	0.0	0.0	0.0	0.0	Alien3.zip
34	All-Pro Basketball	2	1989	Vic Tokai	7	Sports	0.0	0.0	0.0	0.0	0.0	All Pro Basketball.zip
35	Alpha Mission	1	1987	SNK	4.7	Shooter	0.0	0.0	0.0	0.0	0.0	Alpha Mission.zip
37	Amagon	1	1989	Sammy Studios	5.2	Platform	0.0	0.0	0.0	0.0	0.0	Amagon.zip
39	American Gladiators	2	1991	GameTek	7.2	Sports	0.0	0.0	0.0	0.0	0.0	American Gladiators.zip
41	Anticipation	4	1988	Nintendo	6.9	Misc	0.0	0.0	0.0	0.0	0.0	Anticipation.zip
42	Arch-Rivals	2	1989	Acclaim	9.8							Arch Rivals.zip
43	Archon: The Light and the Dark	2	1989	Activision	5.6							Archon.zip
44	Arkanoid	2	1987	Taito Corporation	9.7	Puzzle	0.0	0.0	0.0	0.0	0.0	Arkanoid.zip
45	Arkista's Ring	1	1989	American Sammy	7.1	Action	0.0	0.0	0.0	0.0	0.0	Arkista's Ring.zip
49	Astyanax	1	1990	Jaleco Entertainment	7	Action	0.0	0.0	0.0	0.0	0.0	Astyanax.zip
50	Athena	1	1987	SNK	4.5	Platform	0.0	0.0	0.0	0.0	0.0	Athena.zip
51	Athletic World	1	1987	Bandai	4.3	Sports	0.0	0.0	0.0	0.0	0.0	Athletic World.zip
53	Attack of the Killer Tomatoes	1	1991	THQ	3.4	Action	0.0	0.0	0.0	0.0	0.0	Attack of the Killer Tomatoes.zip
55	Back to the Future	1	1989	LJN Ltd.	4.9	Action	0.0	0.0	0.0	0.0	0.0	Back to the Future.zip
56	Back to the Future 2 & 3	1	1990	LJN Ltd.	9.4							Back to the Future II & III.zip
57	Bad Dudes	2	1989	Data East	9.2	Action	0.0	0.0	0.0	0.0	0.0	Bad Dudes.zip
58	Bad News Baseball	2	1990	Tecmo	8.8	Sports	0.0	0.0	0.0	0.0	0.0	Bad News Baseball.zip
59	Bad Street Brawler	2	1989	Mattel	5.3	Action	0.0	0.0	0.0	0.0	0.0	Bad Street Brawler.zip
60	Balloon Fight	2	1984	Nintendo	9.8	Platform	0.39	0.09	0.43	0.01	0.92	Balloon Fight.zip
62	Bandit Kings of Ancient China	5	1990	Koei	7.3	Strategy	0.0	0.0	0.0	0.0	0.0	Bandit Kings of Ancient China.zip
63	Barbie	1	1991	Hi Tech Expressions	1.9	Platform	0.0	0.0	0.0	0.0	0.0	Barbie.zip
64	TheBard's Tale: Tales of the Unknown	1	1991	FCI Inc.	4.6							Bard's Tale.zip
65	Barker Bill's Trick Shooting	1	1989	Nintendo	7.6	Shooter	0.0	0.0	0.0	0.0	0.0	Barker Bill's Trick Shooting.zip
66	Base Wars: Cyber Stadium Series	2	1991	Ultra	7.3	Sports	0.0	0.0	0.0	0.0	0.0	Base Wars - Cyber Stadium Series.zip
67	Baseball	2	1984	Nintendo	5.9	Sports	0.73	0.1	2.35	0.02	3.2	Baseball.zip
68	Baseball Simulator 1.000	2	1989	Culture Brain	7.1	Sports	0.0	0.0	0.0	0.0	0.0	Baseball Simulator 1.000.zip
69	Baseball Stars	2	1989	SNK	9.4	Sports	0.0	0.0	0.0	0.0	0.0	Baseball Stars.zip
70	Baseball Stars 2	2	1992	Romstar	9.7	Sports	0.0	0.0	0.0	0.0	0.0	Baseball Stars II.zip
71	Bases Loaded	2	1988	Jaleco Entertainment	8.3	Sports	0.0	0.0	0.0	0.0	0.0	Bases Loaded.zip
72	Bases Loaded 2	2	1989	Jaleco Entertainment	8.3	Sports	0.0	0.0	0.0	0.0	0.0	Bases Loaded II.zip
73	Bases Loaded 3	2	1991	Jaleco Entertainment	7.8	Sports	0.0	0.0	0.0	0.0	0.0	Bases Loaded III.zip
74	Bases Loaded 4	2	1993	Jaleco Entertainment	7.8	Sports	0.0	0.0	0.0	0.0	0.0	Bases Loaded IV.zip
75	Batman	1	1989	SunSoft	9.8	Platform	0.0	0.0	0.0	0.0	0.0	Batman.zip
76	Batman Returns	1	1993	Konami	7	Action	0.0	0.0	0.0	0.0	0.0	Batman Returns.zip
77	Batman: Return of the Joker	1	1991	SunSoft	8.3	Platform	0.0	0.0	0.0	0.0	0.0	Batman - Return of the Joker.zip
78	Battle Chess	1	1990	Data East	7.4	Strategy	0.0	0.0	0.0	0.0	0.0	Battle Chess.zip
79	Battle of Olympus The	1	1989	Broderbund	9.6	Action	0.0	0.0	0.0	0.0	0.0	Battle of Olympus, The.zip
80	Battle Tank	1	1990	Absolute Entertainment	8.4	Simulation	0.0	0.0	0.0	0.0	0.0	Battle Tank.zip
81	Battleship	1	1993	Mindscape Inc.	6	Strategy	0.0	0.0	0.0	0.0	0.0	Battleship.zip
82	Battletoads	2	1991	Tradewest	9.7	Action	0.0	0.0	0.0	0.0	0.0	Battletoads.zip
83	Battletoads Double Dragon: The Ultimate Team	2	1993	Tradewest	9.1	Action	0.0	0.0	0.0	0.0	0.0	Battletoads & Double Dragon - The Ultimate Team.zip
85	Beetlejuice	1	1991	LJN Ltd.	5	Platform	0.0	0.0	0.0	0.0	0.0	Beetlejuice.zip
86	Best of the Best: Championship Karate	2	1992	Electro Brain	6	Fighting	0.0	0.0	0.0	0.0	0.0	Best of the Best - Championship Karate.zip
89	Big Bird's Hide and Speak	1	1990	Hi Tech Expressions	4.8	Puzzle	0.0	0.0	0.0	0.0	0.0	Sesame Street - Big Bird's Hide & Speak.zip
92	Bigfoot	2	1990	Acclaim	5.5	Sports	0.0	0.0	0.0	0.0	0.0	Bigfoot.zip
93	Bill & Ted's Excellent Video Game Adventure	1	1990	LJN Ltd.	4.1	Action	0.0	0.0	0.0	0.0	0.0	Bill & Ted's Excellent Video Game Adventure.zip
94	Bill Elliot's NASCAR Challenge	1	1991	Konami	4.9	Racing	0.0	0.0	0.0	0.0	0.0	Bill Elliot's Nascar Challenge.zip
97	Bionic Commando	1	1988	Capcom	9.5	Platform	0.0	0.0	0.0	0.0	0.0	Bionic Commando.zip
98	Black Bass USA The	1	1989	Hot-B	6.8	Sports	0.0	0.0	0.0	0.0	0.0	Black Bass.zip
100	Blades of Steel	2	1988	Konami	9.8	Sports	0.0	0.0	0.0	0.0	0.0	Blades of Steel.zip
101	Blaster Master	1	1988	SunSoft	9	Platform	0.0	0.0	0.0	0.0	0.0	Blaster Master.zip
102	Blue Marlin The	1	1991	Hot-B	8.5	Sports	0.0	0.0	0.0	0.0	0.0	Blue Marlin, The.zip
103	Blues Brothers The	1	1991	Titus Software	6.4	Platform	0.0	0.0	0.0	0.0	0.0	Blues Brothers, The.zip
104	Bo Jackson Baseball	2	1991	Data East USA	5.4	Sports	0.0	0.0	0.0	0.0	0.0	Bo Jackson Baseball.zip
105	Bomber Man	1	1987	Hudson Soft	9.5	Puzzle	0.18	0.0	0.85	0.0	1.03	Bomberman.zip
106	Bomber Man 2	3	1992	Hudson Soft	9.8							Bomberman II.zip
107	Bonk's Adventure	1	1993	Hudson Soft	9.6	Platform	0.0	0.0	0.0	0.0	0.0	Bonk's Adventure.zip
108	Boulder Dash	2	1990	JVC Digital Studios	7.2	Puzzle	0.0	0.0	0.0	0.0	0.0	Boulder Dash.zip
109	A Boy and His Blob: Trouble on Blobolonia	1	1989	Absolute Entertainment	8.1	Platform	0.0	0.0	0.0	0.0	0.0	Boy and His Blob, A - Trouble on Blobolonia.zip
110	Bram Stoker's Dracula	1	1993	Sony Imagesoft	6.4	Action	0.0	0.0	0.0	0.0	0.0	Bram Stoker's Dracula.zip
111	Break Thru	2	1987	Data East	5.8	Shooter	0.0	0.0	0.0	0.0	0.0	BreakThru.zip
112	Break Time: The National Pool Tour	2	1992	FCI Inc.	2.9	Sports	0.0	0.0	0.0	0.0	0.0	Break Time - The National Pool Tour.zip
114	Bubble Bobble	2	1988	Taito Corporation	9.8	Platform	0.0	0.0	0.0	0.0	0.0	Bubble Bobble.zip
115	Bubble Bobble Part 2	2	1993	Taito Corporation	9.7	Puzzle	0.0	0.0	0.0	0.0	0.0	Bubble Bobble - Part 2.zip
116	Bucky O'Hare	1	1992	Konami	9	Platform	0.0	0.0	0.0	0.0	0.0	Bucky O'Hare.zip
117	Bugs Bunny Birthday Blowout The	1	1990	Kemco	8.2	Platform	0.0	0.0	0.0	0.0	0.0	Bugs Bunny Birthday Blowout, The.zip
118	Bugs Bunny Crazy Castle The	1	1989	Kemco	7.9	Platform	0.0	0.0	0.0	0.0	0.0	Bugs Bunny Crazy Castle, The.zip
119	Bump 'n' Jump	1	1988	Vic Tokai	7.7	Racing	0.0	0.0	0.0	0.0	0.0	Bump 'n' Jump.zip
120	Burai Fighter	1	1989	Taxan	7.3	Shooter	0.0	0.0	0.0	0.0	0.0	Burai Fighter.zip
121	Burger Time	2	1982	Data East	8.3	Puzzle	0.0	0.0	0.0	0.0	0.0	Burgertime.zip
122	Cabal	2	1989	Milton Bradley	6.1	Action	0.0	0.0	0.0	0.0	0.0	Cabal.zip
124	Caesar's Palace	1	1990	Virgin Games	6.2	Misc	0.0	0.0	0.0	0.0	0.0	Caesar's Palace.zip
125	California Games	8	1988	Milton Bradley	8.1	Sports	0.0	0.0	0.0	0.0	0.0	California Games.zip
127	Captain America and The Avengers	2	1991	Data East	9.6	Action	0.0	0.0	0.0	0.0	0.0	Captain America and the Avengers.zip
128	Captain Planet and the Planeteers	1	1991	Mindscape Inc.	3.9	Platform	0.0	0.0	0.0	0.0	0.0	Captain Planet.zip
130	Captain Skyhawk	1	1990	Milton Bradley	7.3	Shooter	0.0	0.0	0.0	0.0	0.0	Captain Skyhawk.zip
132	Casino Kid	1	1989	Sofel	6.4	Misc	0.0	0.0	0.0	0.0	0.0	Casino Kid.zip
133	Casino Kid 2	1	1992	Sofel	6.8	Misc	0.0	0.0	0.0	0.0	0.0	Casino Kid 2.zip
134	Castelian	1	1991	Triffix	2.7	Puzzle	0.0	0.0	0.0	0.0	0.0	Castelian.zip
136	Castle of Dragon	1	1989	Seta Corporation	5.8	Action	0.0	0.0	0.0	0.0	0.0	Castle of Dragon.zip
137	Castle Quest	2	2010	Hudson Soft	none	Strategy	0.0	0.0	0.0	0.0	0.0	Castlequest.zip
138	Castlequest	1	1989	Nexoft	4.8	Strategy	0.0	0.0	0.0	0.0	0.0	Castlequest.zip
139	Castlevania	1	1987	Konami	9.8	Platform	0.54	0.06	0.62	0.01	1.23	Castlevania.zip
140	Castlevania II: Simon's Quest	1	1988	Konami	9.7	Platform	0.45	0.06	0.42	0.0	0.93	Castlevania II - Simon's Quest.zip
141	Castlevania III: Dracula's Curse	1	1990	Konami	9.8	Platform	0.4	0.07	0.37	0.01	0.85	Castlevania III - Dracula's Curse.zip
142	Caveman Games	2	1990	Data East	8.2	Sports	0.0	0.0	0.0	0.0	0.0	Caveman Games.zip
144	Challenge Pebble Beach	2	1988	Bandai	6	Sports	0.0	0.0	0.0	0.0	0.0	Bandai Golf - Challenge Pebble Beach.zip
145	Championship Bowling	4	1989	Romstar	8	Sports	0.0	0.0	0.0	0.0	0.0	Championship Bowling.zip
146	Championship Pool	8	1993	Mindscape Inc.	8.3	Sports	0.0	0.0	0.0	0.0	0.0	Championship Pool.zip
148	Chessmaster The	1	1989	Software Toolworks	5.4	Strategy	0.0	0.0	0.0	0.0	0.0	Chessmaster, The.zip
151	Chip 'n Dale: Rescue Rangers	2	1990	Capcom	9.6	Platform	0.68	0.14	0.35	0.02	1.19	Chip 'N Dale - Rescue Rangers.zip
152	Chip 'n Dale: Rescue Rangers 2	2	1993	Capcom	9.8	Platform	0.0	0.0	0.0	0.0	0.0	Chip 'N Dale - Rescue Rangers 2.zip
155	Chubby Cherub	2	1986	Bandai	5.8	Action	0.0	0.0	0.0	0.0	0.0	Chubby Cherub.zip
157	Circus Caper	1	1990	Toho	5.2	Action	0.0	0.0	0.0	0.0	0.0	Circus Caper.zip
158	City Connection	2	1988	Jaleco Entertainment	9.5	Platform	0.0	0.0	0.0	0.0	0.0	City Connection.zip
159	Clash at Demonhead	1	1989	Vic Tokai	9.7	Platform	0.0	0.0	0.0	0.0	0.0	Clash at Demonhead.zip
160	Classic Concentration	2	1990	GameTek	4.8	Misc	0.0	0.0	0.0	0.0	0.0	Classic Concentration.zip
161	Cliffhanger	1	1993	Sony Imagesoft	3.5	Platform	0.0	0.0	0.0	0.0	0.0	Cliffhanger.zip
162	Clu Clu Land	2	1984	Nintendo	9.4	Puzzle	0.42	0.1	0.28	0.02	0.82	Clu Clu Land.zip
163	Cobra Command	1	1988	Data East	7.2	Misc	0.0	0.0	0.0	0.0	0.0	Cobra Command.zip
164	Cobra Triangle	1	1988	Nintendo	9.8	Action	0.0	0.0	0.0	0.0	0.0	Cobra Triangle.zip
166	Code Name: Viper	1	1989	Capcom	8.5	Action	0.0	0.0	0.0	0.0	0.0	Code Name - Viper.zip
167	Color a Dinosaur	1	1993	Virgin Interactive	5.7	Misc	0.0	0.0	0.0	0.0	0.0	Color a Dinosaur.zip
169	Commando	2	1986	Capcom	8.2	Action	0.71	0.16	0.25	0.03	1.14	Commando.zip
170	Conan	1	1990	Mindscape Inc.	3.8	Action	0.0	0.0	0.0	0.0	0.0	Conan.zip
171	Conflict	2	1990	Vic Tokai	6.9	Strategy	0.0	0.0	0.0	0.0	0.0	Conflict.zip
172	Conquest of the Crystal Palace	1	1990	Asmik Corporation of America	6.4	Adventure	0.0	0.0	0.0	0.0	0.0	Conquest of the Crystal Palace.zip
173	Contra	2	1988	Konami	9.8	Shooter	0.0	0.0	0.0	0.0	0.0	Contra.zip
174	Contra Force	2	1992	Konami	8.6	Shooter	0.0	0.0	0.0	0.0	0.0	Contra Force.zip
175	Cool World	1	1992	Ocean	1.5	Adventure	0.0	0.0	0.0	0.0	0.0	Cool World.zip
179	Cowboy Kid	2	1991	Romstar	8	Action	0.0	0.0	0.0	0.0	0.0	Cowboy Kid.zip
180	Crash 'n the Boys: Street Challenge	2	1992	Technos	9.8	Sports	0.0	0.0	0.0	0.0	0.0	Crash 'n the Boys - Street Challenge.zip
183	Crystalis	1	1990	SNK	9.4	Role-Playing	0.0	0.0	0.0	0.0	0.0	Crystalis.zip
185	Cybernoid: The Fighting Machine	1	1989	Acclaim	5.4	Shooter	0.0	0.0	0.0	0.0	0.0	Cybernoid - The Fighting Machine.zip
189	Dance Aerobics	1	1988	Nintendo	3.3	Misc	0.0	0.0	0.0	0.0	0.0	Dance Aerobics.zip
190	Danny Sullivan's Indy Heat	4	1992	Tradewest	8.3	Racing	0.0	0.0	0.0	0.0	0.0	Danny Sullivan's Indy Heat.zip
192	Darkman	2	1991	Ocean	6.2	Action	0.0	0.0	0.0	0.0	0.0	Darkman.zip
193	Darkwing Duck	1	1992	Capcom	9.3	Platform	0.0	0.0	0.0	0.0	0.0	Darkwing Duck.zip
194	Dash Galaxy in the Alien Asylum	1	1989	Data East	6.8	Action	0.0	0.0	0.0	0.0	0.0	Dash Galaxy in the Alien Asylum.zip
195	Day Dreamin' Davey	1	1990	Hal	4.9	Adventure	0.0	0.0	0.0	0.0	0.0	Day Dreamin' Davey.zip
196	Days of Thunder	1	1990	Mindscape Inc.	7.4	Racing	0.0	0.0	0.0	0.0	0.0	Days of Thunder.zip
197	Deadly Towers	1	1986	Broderbund	2.8	Role-Playing	0.0	0.0	0.0	0.0	0.0	Deadly Towers.zip
201	Defender II	2	1988	Hal	8.1	Shooter	0.0	0.0	0.0	0.0	0.0	Defender II.zip
202	Defender of the Crown	1	1989	Ultra	7.6	Misc	0.0	0.0	0.0	0.0	0.0	Defender of the Crown.zip
203	Defenders of Dynatron City	1	1991	JVC Musical Industries Inc.	6.5	Action	0.0	0.0	0.0	0.0	0.0	Defenders of Dynatron City.zip
204	Deja Vu	1	1990	Seika Corp.	8.3	Adventure	0.0	0.0	0.0	0.0	0.0	Deja Vu.zip
205	Demon Sword	1	1989	Taito Corporation	6.3	Action	0.0	0.0	0.0	0.0	0.0	Demon Sword.zip
206	Desert Commander	2	1989	Kemco	8.4	Strategy	0.0	0.0	0.0	0.0	0.0	Desert Commander.zip
207	Destination Earthstar	1	1989	Acclaim	6	Action	0.0	0.0	0.0	0.0	0.0	Destination Earth Star.zip
208	Destiny of an Emperor	1	1989	Capcom	9.1	Role-Playing	0.0	0.0	0.0	0.0	0.0	Destiny of an Emperor.zip
212	Dick Tracy	1	1990	Bandai	7.7	Action	0.0	0.0	0.0	0.0	0.0	Dick Tracy.zip
213	Die Hard	1	1991	Activision	6.8	Action	0.0	0.0	0.0	0.0	0.0	Die Hard.zip
214	Dig Dug 2	2	1989	Bandai	9.7	Puzzle	0.0	0.0	0.0	0.0	0.0	Dig Dug II.zip
215	Digger: The Legend of the Lost City	1	1990	Milton Bradley	5.7	Platform	0.0	0.0	0.0	0.0	0.0	Digger - Legend of the Lost City.zip
216	Dirty Harry	1	1990	Mindscape Inc.	7.2	Action	0.0	0.0	0.0	0.0	0.0	Dirty Harry.zip
219	Donkey Kong	2	1986	Nintendo	9.7	Platform	0.23	0.05	0.84	0.01	1.13	Donkey Kong.zip
220	Donkey Kong 3	2	1986	Nintendo	9.8	Platform	0.0	0.0	0.0	0.0	0.0	Donkey Kong 3.zip
221	Donkey Kong Classics	2	1988	Nintendo	9.8	Platform	0.59	0.14	0.81	0.02	1.56	Donkey Kong Classics.zip
222	Donkey Kong Jr.	2	1986	Nintendo	9.8	Platform	0.33	0.07	0.7	0.01	1.11	Donkey Kong Jr..zip
223	Donkey Kong Jr. Math	2	1986	Nintendo	6.7	Misc	0.0	0.0	0.0	0.0	0.0	Donkey Kong Jr. Math.zip
226	Double Dare	2	1988	GameTek	6.7	Misc	0.0	0.0	0.0	0.0	0.0	Double Dare.zip
227	Double Dragon	2	1988	Tradewest	8.9	Action	0.0	0.0	0.0	0.0	0.0	Double Dragon.zip
228	Double Dragon II: The Revenge	2	1989	Acclaim	8.8	Action	0.0	0.0	0.0	0.0	0.0	Double Dragon II - The Revenge.zip
229	Double Dragon III: The Sacred Stones	2	1990	Acclaim	7.3	Action	0.0	0.0	0.0	0.0	0.0	Double Dragon III - The Sacred Stones.zip
230	Double Dribble	2	1987	Konami	8.1	Sports	0.0	0.0	0.0	0.0	0.0	Double Dribble.zip
232	Dr. Chaos	1	1988	FCI Inc.	4.9	Adventure	0.0	0.0	0.0	0.0	0.0	Dr. Chaos.zip
233	Dr. Jekyll and Mr. Hyde	1	1989	Bandai	2.5	Action	0.0	0.0	0.0	0.0	0.0	Dr. Jekyll & Mr. Hyde.zip
234	Dr. Mario	2	1990	Nintendo	9.8	Puzzle	2.62	0.6	1.52	0.1	4.85	Dr. Mario.zip
240	Dragon Fighter	1	1991	Sofel	6.7	Action	0.0	0.0	0.0	0.0	0.0	Dragon Fighter.zip
241	Dragon Power	1	1986	Bandai	5.2	Action	0.0	0.0	0.0	0.0	0.0	Dragon Power.zip
244	Dragon Spirit: The New Legend	1	1990	Bandai	8.7	Shooter	0.0	0.0	0.0	0.0	0.0	Dragon Spirit - The New Legend.zip
245	Dragon Warrior	1	1989	Nintendo	8.7	Role-Playing	0.49	0.0	0.52	1.51	2.52	Dragon Warrior.zip
246	Dragon Warrior II	1	1990	Enix America Inc.	8.8	Role-Playing	0.15	0.0	2.41	0.0	2.56	Dragon Warrior II.zip
247	Dragon Warrior III	1	1991	Enix America Inc.	9.5	Role-Playing	0.1	0.0	3.77	0.0	3.87	Dragon Warrior III.zip
248	Dragon Warrior IV	1	1992	Enix America Inc.	9.4	Role-Playing	0.08	0.0	3.03	0.01	3.12	Dragon Warrior IV.zip
249	Dragon's Lair	2	1990	Epic Sony Record	4.2	Platform	0.0	0.0	0.0	0.0	0.0	Dragon's Lair.zip
251	Duck Hunt	1	1984	Nintendo	9.8	Shooter	26.93	0.63	0.28	0.47	28.31	Duck Hunt.zip
252	Duck Tales	1	1989	Capcom	9.2							Duck Tales.zip
253	Duck Tales 2	1	1993	Capcom	9							Duck Tales 2.zip
255	Dungeon Magic: Sword of the Elements	1	1989	Taito Corporation	6.6	Role-Playing	0.0	0.0	0.0	0.0	0.0	Dungeon Magic - Sword of the Elements.zip
256	Dusty Diamond's All-Star Softball	2	1990	Broderbund	9	Sports	0.0	0.0	0.0	0.0	0.0	Dusty Diamond's All-Star Softball.zip
257	Dynowarz: Destruction of Spondylus	1	1989	Bandai America Inc.	6.9	Action	0.0	0.0	0.0	0.0	0.0	Dynowarz - The Destruction of Spondylus.zip
259	Elevator Action	2	1985	Taito Corporation	9.5	Platform	0.0	0.0	0.0	0.0	0.0	Elevator Action.zip
260	Eliminator Boat Duel	2	1991	Electro Brain	7.3	Racing	0.0	0.0	0.0	0.0	0.0	Eliminator Boat Duel.zip
263	Excitebike	1	1984	Nintendo	9.8	Racing	2.04	0.48	1.57	0.07	4.16	Excitebike.zip
264	Exodus	2	1991	Wisdom Tree	6.8	Puzzle	0.0	0.0	0.0	0.0	0.0	Ultima - Exodus.zip
265	F-117A Stealth Fighter	2	1992	MicroProse	5.4	Simulation	0.0	0.0	0.0	0.0	0.0	F-117A Stealth Fighter.zip
267	F-15 Strike Eagle	2	1991	MicroProse	7.6	Simulation	0.0	0.0	0.0	0.0	0.0	F-15 Strike Eagle.zip
269	Family Feud	2	1990	GameTek	9	Misc	0.0	0.0	0.0	0.0	0.0	Family Feud.zip
272	Faria	1	1990	Nexoft	8	Role-Playing	0.0	0.0	0.0	0.0	0.0	Faria - A World of Mystery & Danger.zip
273	Faxanadu	1	1988	Nintendo	8.8	Role-Playing	0.0	0.0	0.0	0.0	0.0	Faxanadu.zip
274	Felix the Cat	1	1992	Hudson Soft	9.5	Platform	0.0	0.0	0.0	0.0	0.0	Felix the Cat.zip
275	Ferrari: Grand Prix Challenge	1	1992	Acclaim	7.6	Racing	0.0	0.0	0.0	0.0	0.0	Ferrari Grand Prix Challenge.zip
276	Fester's Quest	1	1989	SunSoft	6.4	Shooter	0.0	0.0	0.0	0.0	0.0	Fester's Quest.zip
277	Final Fantasy	1	1990	Nintendo	7.3	Role-Playing	0.32	0.0	0.52	0.0	0.84	Final Fantasy.zip
281	Fire 'n Ice	1	1993	Tecmo	7.6							Fire 'N Ice.zip
285	Fisher-Price: Firehouse Rescue	1	1990	GameTek	3.2	Misc	0.0	0.0	0.0	0.0	0.0	Fisher Price - Firehouse Rescue.zip
286	Fisher-Price: I Can Remember	2	1990	GameTek	2.9	Misc	0.0	0.0	0.0	0.0	0.0	Fisher Price - I Can Remember.zip
287	Fisher-Price: Perfect Fit	2	1990	GameTek	2.9	Misc	0.0	0.0	0.0	0.0	0.0	Fisher Price - Perfect Fit.zip
288	Fist of the North Star	1	1989	Taxan	5.5	Fighting	0.0	0.0	0.0	0.0	0.0	Fist of the North Star.zip
289	Flight of the Intruder	1	1990	Mindscape Inc.	5.8	Action	0.0	0.0	0.0	0.0	0.0	Flight of the Intruder.zip
290	TheFlintstones: The Rescue of Dino & Hoppy	1	1991	Taito Corporation	8.9							Flintstones, The - The Rescue of Dino & Hoppy.zip
291	TheFlintstones: The Surprise at Dinosaur Peak!	1	1993	Taito Corporation	7.1	Platform	0.0	0.0	0.0	0.0	0.0	Flintstones, The - The Surprise at Dinosaur Peak!.zip
292	Flying Dragon: The Secret Scroll	1	1988	Culture Brain	7.2	Adventure	0.0	0.0	0.0	0.0	0.0	Flying Dragon - The Secret Scroll.zip
293	Flying Warriors	1	1990	Culture Brain	8.4	Action	0.0	0.0	0.0	0.0	0.0	Flying Warriors.zip
294	Formula 1: Built to Win	1	1990	Seta Corporation	7.3	Racing	0.0	0.0	0.0	0.0	0.0	Formula 1 - Built to Win.zip
295	Frankenstein	1	1990	Bandai	4.5	Action	0.0	0.0	0.0	0.0	0.0	Frankenstein - The Monster Returns.zip
296	Freedom Force	2	1988	SunSoft	7.8	Role-Playing	0.0	0.0	0.0	0.0	0.0	Freedom Force.zip
297	Friday the 13th	1	1988	LJN Ltd.	6.4	Action	0.0	0.0	0.0	0.0	0.0	Friday the 13th.zip
298	Fun House	1	1990	Hi Tech Expressions	5.1	Action	0.0	0.0	0.0	0.0	0.0	Fun House.zip
301	G.I. Joe	1	1990	Taxan	8.2	Platform	0.0	0.0	0.0	0.0	0.0	G.I. Joe.zip
302	G.I. Joe: The Atlantis Factor	1	1991	Capcom	7.3	Platform	0.0	0.0	0.0	0.0	0.0	G.I. Joe - The Atlantis Factor.zip
304	Galaga	2	1988	Bandai	9.8	Shooter	0.0	0.0	0.0	0.0	0.0	Galaga.zip
305	Galaxy 5000	2	1990	Activision	5.3	Racing	0.0	0.0	0.0	0.0	0.0	Galaxy 5000.zip
309	Gargoyle's Quest II: The Demon Darkness	1	1992	Capcom	8.6	Adventure	0.0	0.0	0.0	0.0	0.0	Gargoyle's Quest II.zip
310	Gauntlet	2	1985	Tengen	8.7	Action	0.0	0.0	0.0	0.0	0.0	Gauntlet.zip
311	Gauntlet 2	4	1990	Mindscape Inc.	9.6	Action	0.0	0.0	0.0	0.0	0.0	Gauntlet II.zip
312	Gemfire	2	1992	Koei	8.4	Strategy	0.0	0.0	0.0	0.0	0.0	Gemfire.zip
313	Genghis Khan	1	1989	Koei	8.7	Strategy	0.0	0.0	0.0	0.0	0.0	Genghis Khan.zip
314	George Foreman's KO Boxing	2	1992	Acclaim	5.2	Fighting	0.0	0.0	0.0	0.0	0.0	George Foreman's KO Boxing.zip
316	Ghostbusters	1	1988	Activision	5.4	Puzzle	0.0	0.0	0.0	0.0	0.0	Ghostbusters.zip
317	Ghostbusters 2	2	1990	Activision	6.7	Action	0.0	0.0	0.0	0.0	0.0	Ghostbusters II.zip
318	Ghosts 'n Goblins	2	1986	Capcom	9.6	Action	0.74	0.26	0.61	0.03	1.64	Ghosts 'N Goblins.zip
319	Ghoul School	1	1991	Electro Brain	5.6	Adventure	0.0	0.0	0.0	0.0	0.0	Ghoul School.zip
320	Gilligan's Island	1	1989	Bandai	7.3	Adventure	0.0	0.0	0.0	0.0	0.0	Adventures of Gilligan's Island, The.zip
322	Goal!	2	1988	Jaleco Entertainment	6.5	Sports	0.0	0.0	0.0	0.0	0.0	Goal!.zip
323	Goal! Two	2	1992	Jaleco Entertainment	8.3	Sports	0.0	0.0	0.0	0.0	0.0	Goal! Two.zip
324	Godzilla 2: War of the Monsters	1	1991	Toho	7	Strategy	0.0	0.0	0.0	0.0	0.0	Godzilla 2 - War of the Monsters.zip
325	Godzilla: Monster of Monsters!	1	1988	Toho	7.6	Action	0.0	0.0	0.0	0.0	0.0	Godzilla.zip
326	Gold Medal Challenge '92	2	1992	Capcom	8.2	Sports	0.0	0.0	0.0	0.0	0.0	Gold Medal Challenge '92.zip
327	Golf	2	1984	Nintendo	8.8	Sports	1.22	0.28	2.46	0.04	4.01	Golf.zip
328	Golf Grandslam	4	1991	ATLUS	6	Sports	0.0	0.0	0.0	0.0	0.0	Golf Grand Slam.zip
329	Golgo 13: Top Secret Episode	1	1988	Vic Tokai	8.1	Action	0.0	0.0	0.0	0.0	0.0	Golgo 13 - Top Secret Episode.zip
330	Goonies II The	1	1987	Konami	7.4	Platform	0.0	0.0	0.0	0.0	0.0	Goonies II, The.zip
332	Gotcha!: The Sport!	1	1987	LJN Ltd.	6.7	Shooter	0.0	0.0	0.0	0.0	0.0	Gotcha!.zip
333	Gradius	2	1986	Konami	8.5	Shooter	0.27	0.08	1.0	0.01	1.36	Gradius.zip
334	Gravity Armor Metal Storm	1	2009	Irem Software Engineering	none	Action	0.0	0.0	0.0	0.0	0.0	Metal Storm.zip
336	Great Waldo Search The		1990	THQ	3.6	Puzzle	0.0	0.0	0.0	0.0	0.0	Great Waldo Search, The.zip
337	Greg Norman's Golf Power	4	1992	Virgin Interactive	4.5	Sports	0.0	0.0	0.0	0.0	0.0	Greg Norman's Golf Power.zip
338	Gremlins 2: The New Batch	1	1990	SunSoft	7.4	Action	0.0	0.0	0.0	0.0	0.0	Gremlins 2 - The New Batch.zip
340	Guardian Legend The	1	1988	Broderbund	9.2	Shooter	0.0	0.0	0.0	0.0	0.0	Guardian Legend, The.zip
341	Guerrilla War	2	1989	SNK	8.8	Shooter	0.0	0.0	0.0	0.0	0.0	Guerrilla War.zip
342	Gumshoe		1986	Nintendo	6.8	Shooter	0.0	0.0	0.0	0.0	0.0	Gumshoe.zip
343	Gun-Nac	1	1990	ASCII Entertainment	8.3	Shooter	0.0	0.0	0.0	0.0	0.0	Gun Nac.zip
344	Gun.Smoke	1	1988	Capcom	9	Shooter	0.0	0.0	0.0	0.0	0.0	Gunsmoke.zip
345	Gyromite	2	1985	Nintendo	7.5	Puzzle	0.73	0.16	0.4	0.03	1.32	Gyromite.zip
346	Gyruss	1	1988	Ultra	8.3	Shooter	0.0	0.0	0.0	0.0	0.0	Gyruss.zip
347	Harlem Globetrotters	2	1990	GameTek	2.2	Sports	0.0	0.0	0.0	0.0	0.0	Harlem Globetrotters.zip
348	Hatris	1	1991	Bullet Proof Software	7.3	Puzzle	0.0	0.0	0.0	0.0	0.0	Hatris.zip
349	Heavy Barrel	2	1990	Data East	8.4	Action	0.0	0.0	0.0	0.0	0.0	Heavy Barrel.zip
350	Heavy Shreddin'	1	1989	Parker Bros.	6.8	Sports	0.0	0.0	0.0	0.0	0.0	Heavy Shreddin'.zip
354	High Speed	4	1991	Tradewest	8.7	Misc	0.0	0.0	0.0	0.0	0.0	High Speed.zip
356	Hogan's Alley	1	1984	Nintendo	9.8	Shooter	0.68	0.16	0.41	0.02	1.27	Hogan's Alley.zip
357	Hollywood Squares	2	1988	GameTek	7.8	Misc	0.0	0.0	0.0	0.0	0.0	Hollywood Squares.zip
359	Home Alone	1	1991	THQ	2.4	Action	0.0	0.0	0.0	0.0	0.0	Home Alone.zip
360	Home Alone 2: Lost in New York	1	1992	THQ	1.8	Action	0.0	0.0	0.0	0.0	0.0	Home Alone 2 - Lost in New York.zip
361	Hook	2	1991	Sony Imagesoft	5	Platform	0.0	0.0	0.0	0.0	0.0	Hook.zip
362	Hoops	2	1989	Jaleco Entertainment	5.6	Sports	0.0	0.0	0.0	0.0	0.0	Hoops.zip
365	Hudson Hawk	1	1991	Sony Imagesoft	6.8	Platform	0.0	0.0	0.0	0.0	0.0	Hudson Hawk.zip
366	Hunt for Red October The	1	1990	Hi Tech Expressions	4.9	Shooter	0.0	0.0	0.0	0.0	0.0	Hunt for Red October, The.zip
367	Hydlide	1	1989	FCI Inc.	3.6	Role-Playing	0.0	0.0	0.0	0.0	0.0	Hydlide.zip
369	Ice Climber	2	1984	Nintendo	9.5	Platform	0.46	0.1	0.92	0.02	1.5	Ice Climber.zip
370	Ice Hockey	2	1988	Nintendo	9.5	Sports	1.27	0.32	0.78	0.05	2.42	Ice Hockey.zip
371	Ikari III: The Rescue	2	1990	SNK	7.6	Action	0.0	0.0	0.0	0.0	0.0	Ikari Warriors III - The Rescue.zip
372	Ikari Warriors	2	1986	SNK	7.5	Shooter	0.0	0.0	0.0	0.0	0.0	Ikari Warriors.zip
373	Ikari Warriors 2: Victory Road	2	1988	SNK	3.9	Shooter	0.0	0.0	0.0	0.0	0.0	Ikari Warriors II - Victory Road.zip
374	Image Fight	2	1990	Irem	7.8	Shooter	0.0	0.0	0.0	0.0	0.0	Image Fight.zip
375	Immortal The	1	1990	Electronic Arts	7.4	Role-Playing	0.0	0.0	0.0	0.0	0.0	Immortal, The.zip
377	Incredible Crash Dummies The	2	1993	LJN Ltd.	4	Platform	0.0	0.0	0.0	0.0	0.0	Incredible Crash Dummies, The.zip
378	Indiana Jones and the Last Crusade (By Taito)	1	1990	Taito Corporation	5.7	Action	0.0	0.0	0.0	0.0	0.0	Indiana Jones and the Last Crusade (Taito).zip
379	Indiana Jones and the Last Crusade (By UBI Soft)	1	1993	Ubisoft	6.7	Action	0.0	0.0	0.0	0.0	0.0	Indiana Jones and the Last Crusade (UBI Soft).zip
380	Indiana Jones and the Temple of Doom	1	1988	Mindscape Inc.	7.4	Platform	0.0	0.0	0.0	0.0	0.0	Indiana Jones and the Temple of Doom.zip
381	Infiltrator	1	1989	Mindscape Inc.	5	Simulation	0.0	0.0	0.0	0.0	0.0	Infiltrator.zip
382	Iron Tank	1	1988	SNK	8.1	Shooter	0.0	0.0	0.0	0.0	0.0	Iron Tank.zip
383	Isolated Warrior	1	1990	NTVIC	6.3	Shooter	0.0	0.0	0.0	0.0	0.0	Isolated Warrior.zip
384	Ivan 'Ironman' Stewart's Super Off-Road	4	1989	Tradewest	6	Racing	0.0	0.0	0.0	0.0	0.0	Ivan Stewart's Super Off-Road.zip
386	Jack Nicklaus' Greatest 18 Holes of Championship Golf	4	1990	Konami	7.9	Sports	0.0	0.0	0.0	0.0	0.0	Jack Nicklaus' - Greatest 18 Holes of Major Championship Golf.zip
387	Jackal	2	1988	Konami	9.7	Action	0.0	0.0	0.0	0.0	0.0	Jackal.zip
388	Jackie Chan's Action Kung Fu	1	1990	Hudson Soft	8.6	Platform	0.0	0.0	0.0	0.0	0.0	Jackie Chan's Action Kung Fu.zip
389	James Bond Jr	1	1992	THQ	6.7	Platform	0.0	0.0	0.0	0.0	0.0	James Bond Jr..zip
390	Jaws	1	1987	LJN Ltd.	7.2	Action	0.0	0.0	0.0	0.0	0.0	Jaws.zip
391	Jeopardy!	3	1988	GameTek	7.6	Misc	0.0	0.0	0.0	0.0	0.0	Jeopardy!.zip
392	Jeopardy! 25th Anniversary Edition	3	1990	GameTek	8.3	Misc	0.0	0.0	0.0	0.0	0.0	Jeopardy! 25th Silver Anniversary Edition.zip
393	Jeopardy! Jr.	3	1989	GameTek	8	Misc	0.0	0.0	0.0	0.0	0.0	Jeopardy! Junior Edition.zip
395	TheJetsons: Cogswell's Caper!	1	1992	Taito Corporation	8.5							Jetsons - Cogswell's Caper, The.zip
396	Jimmy Connors Tennis	2	1993	Ubisoft	5.6	Sports	0.0	0.0	0.0	0.0	0.0	Jimmy Connors Pro Tennis Tour.zip
397	Joe & Mac	2	1991	Data East	9.7	Platform	0.0	0.0	0.0	0.0	0.0	Joe & Mac.zip
398	John Elway's Quarterback	2	1989	Tradewest	2.2	Sports	0.0	0.0	0.0	0.0	0.0	John Elway's Quarterback.zip
399	Jordan vs Bird: One on One	2	1989	Milton Bradley	7.7	Sports	0.0	0.0	0.0	0.0	0.0	Jordan vs. Bird - One-on-One.zip
401	Journey to Silius	1	1990	SunSoft	9.5	Platform	0.0	0.0	0.0	0.0	0.0	Journey to Silius.zip
402	Joust	1	1988	Hal	8.2	Platform	0.0	0.0	0.0	0.0	0.0	Joust.zip
404	Jungle Book The	1	1994	Virgin Interactive	6.7	Platform	0.0	0.0	0.0	0.0	0.0	Jungle Book, The.zip
405	Jurassic Park	2	1993	Ocean	7.6	Action	0.25	0.1	0.0	0.01	0.36	Jurassic Park.zip
407	Kabuki Quantum Fighter	1	1990	Hal	8	Platform	0.0	0.0	0.0	0.0	0.0	Kabuki - Quantum Fighter.zip
409	Karate Champ	2	1986	Data East	5.1	Fighting	0.0	0.0	0.0	0.0	0.0	Karate Champ.zip
410	Karate Kid	1	1987	LJN Ltd.	7.4	Action	0.0	0.0	0.0	0.0	0.0	Karate Kid, The.zip
411	Karnov	1	1987	Data East	8.3	Platform	0.0	0.0	0.0	0.0	0.0	Karnov.zip
415	Kick Master	1	1991	Taito Corporation	7	Action	0.0	0.0	0.0	0.0	0.0	Kick Master.zip
416	Kickle Cubicle	1	1990	Irem	9.7	Puzzle	0.0	0.0	0.0	0.0	0.0	Kickle Cubicle.zip
417	Kid Icarus	1	1986	Nintendo	9.5	Platform	0.53	0.12	1.09	0.02	1.76	Kid Icarus.zip
418	Kid Klown	1	1993	Kemco	5.6	Platform	0.0	0.0	0.0	0.0	0.0	Kid Kool.zip
419	Kid Kool	1	1988	Vic Tokai	5.8	Platform	0.0	0.0	0.0	0.0	0.0	Kid Kool.zip
420	Kid Niki	2	1987	Data East	7.3	Platform	0.0	0.0	0.0	0.0	0.0	Kid Niki.zip
425	King of Kings The	1	1991	Namco Bandai Games	6.2	Strategy	0.0	0.0	0.0	0.0	0.0	King of Kings, The.zip
426	King's Knight	1	1989	SquareSoft	6.4	Shooter	0.0	0.0	0.0	0.0	0.0	King's Knight.zip
427	King's Quest V	1	1991	Konami	7.3	Adventure	0.0	0.0	0.0	0.0	0.0	King's Quest V.zip
428	Kings of the Beach	4	1989	Ultra	7.7	Sports	0.0	0.0	0.0	0.0	0.0	Kings of the Beach.zip
429	Kirby's Adventure	1	1993	Nintendo	9.8	Platform	0.79	0.14	0.8	0.02	1.75	Kirby's Adventure.zip
430	Kiwi Kraze	2	1991	Taito Corporation	7.3	Platform	0.0	0.0	0.0	0.0	0.0	Kiwi Kraze.zip
431	Klash Ball	2	1991	Sofel	5.6							KlashBall.zip
432	Klax	1	1990	Hudson Soft	7	Puzzle	0.0	0.0	0.0	0.0	0.0	Klax.zip
433	Knight Rider	1	1988	Acclaim	7.6	Racing	0.0	0.0	0.0	0.0	0.0	Knight Rider.zip
438	Krion Conquest The	1	1990	Vic Tokai	8.3	Platform	0.0	0.0	0.0	0.0	0.0	Krion Conquest, The.zip
439	Krusty's Fun House	1	1992	Acclaim	6.5	Puzzle	0.0	0.0	0.0	0.0	0.0	Krusty's Funhouse.zip
440	Kung Fu	2	1985	Nintendo	6.9	Action	1.64	0.38	1.42	0.06	3.5	Kung Fu.zip
441	Kung Fu 2	1	2003	Nintendo	9.2							Kung Fu Heroes.zip
442	Kung-Fu Heroes	2	1988	Culture Brain	5.8	Action	0.0	0.0	0.0	0.0	0.0	Kung Fu Heroes.zip
445	L'Empereur	1	1991	Koei	7.5	Strategy	0.0	0.0	0.0	0.0	0.0	L'Empereur.zip
446	Laser Invasion	1	1991	Ultra	6.6	Shooter	0.0	0.0	0.0	0.0	0.0	Laser Invasion.zip
447	Last Action Hero	1	1993	Sony Imagesoft	3.8	Action	0.0	0.0	0.0	0.0	0.0	Last Action Hero.zip
448	Last Ninja The	1	1990	Jaleco Entertainment	7.1	Action	0.0	0.0	0.0	0.0	0.0	Last Ninja, The.zip
449	Last Starfighter The	2	1990	Mindscape Inc.	3.9							Last Starfighter, The.zip
450	Lee Travino's Fighting Golf	4	1988	SNK	8.3	Sports	0.0	0.0	0.0	0.0	0.0	Lee Trevino's Fighting Golf.zip
451	Legacy of the Wizard	1	1989	Broderbund	8.3	Role-Playing	0.0	0.0	0.0	0.0	0.0	Legacy of the Wizard.zip
452	Legend of Kage The	2	1986	Taito Corporation	7.1	Platform	0.0	0.0	0.0	0.0	0.0	Legend of Kage, The.zip
453	Legend of the Ghost Lion	1	1992	Kemco	7.7							Legend of the Ghost Lion.zip
454	Legend of Zelda The	1	1986	Nintendo	9.8	Action	3.74	0.93	1.69	0.14	6.51	Legend of Zelda, The.zip
455	Legendary Wings	2	1988	Capcom	7.6	Shooter	0.0	0.0	0.0	0.0	0.0	Legendary Wings.zip
456	Legends of the Diamond	2	1990	Bandai	4.4							Legends of the Diamond.zip
457	Lemmings	1	1991	SunSoft	8.1	Puzzle	0.0	0.0	0.0	0.0	0.0	Lemmings.zip
458	Lethal Weapon	1	1992	Ocean	4.8							Lethal Weapon.zip
459	Life Force	2	1988	Konami	9.3	Shooter	0.0	0.0	0.0	0.0	0.0	Life Force.zip
461	Little League Baseball: Championship Series	2	1990	SNK	8.1	Sports	0.0	0.0	0.0	0.0	0.0	Little League Baseball - Championship Series.zip
462	Little Mermaid The	1	1991	Capcom	5.7	Platform	0.0	0.0	0.0	0.0	0.0	Little Mermaid, The.zip
463	Little Nemo: The Dream Master	1	1990	Capcom	9.7	Platform	0.0	0.0	0.0	0.0	0.0	Little Nemo - The Dream Master.zip
464	Little Ninja Brothers	2	1990	Culture Brain	8.5	Role-Playing	0.0	0.0	0.0	0.0	0.0	Little Ninja Brothers.zip
465	Little Samson	1	1992	Taito Corporation	9.7	Platform	0.0	0.0	0.0	0.0	0.0	Little Samson.zip
466	Lode Runner	2	1984	Broderbund	7.9	Puzzle	0.0	0.0	1.1	0.0	1.1	Lode Runner.zip
467	Lone Ranger The	1	1991	Konami	7.9	Action	0.0	0.0	0.0	0.0	0.0	Lone Ranger, The.zip
468	Loopz	1	1990	Mindscape Inc.	3.3	Puzzle	0.0	0.0	0.0	0.0	0.0	LoopZ.zip
469	Low G Man	1	1990	Taxan	8	Platform	0.0	0.0	0.0	0.0	0.0	Low G-Man.zip
470	Lunar Pool	2	1987	FCI Inc.	7.4	Sports	0.0	0.0	0.0	0.0	0.0	Lunar Pool.zip
471	Mach Rider	1	1985	Nintendo	9.6	Racing	0.0	0.0	0.0	0.0	0.0	Mach Rider.zip
472	Mad Max		1990	Mindscape Inc.	5.2	Action	0.0	0.0	0.0	0.0	0.0	Mad Max.zip
473	Mafat Conspiracy: Golgo 13	1	1990	Vic Tokai	6.4	Action	0.0	0.0	0.0	0.0	0.0	Mafat Conspiracy - Golgo 13, The.zip
474	Magic Darts	4	1991	Romstar	6.8							Magic Darts.zip
475	Magic Johnson's Fast Break	4	1990	Tradewest	7.2	Sports	0.0	0.0	0.0	0.0	0.0	Magic Johnson's Fast Break.zip
476	Magic of Scheherazade The	1	1990	Culture Brain	7.6	Role-Playing	0.0	0.0	0.0	0.0	0.0	Magic of Scheherazade, The.zip
478	Magician	1	1990	Taxan	6							Magician.zip
479	Magmax	2	1988	FCI Inc.	6.4	Action	0.0	0.0	0.0	0.0	0.0	Magmax.zip
480	Major League Baseball	2	1988	LJN Ltd.	9.8	Sports	0.0	0.0	0.0	0.0	0.0	Major League Baseball.zip
481	Maniac Mansion	1	1990	Jaleco Entertainment	6.7	Adventure	0.0	0.0	0.0	0.0	0.0	Maniac Mansion.zip
482	Mappy-Land	1	1988	Taxan	7.1	Platform	0.0	0.0	0.0	0.0	0.0	Mappy-Land.zip
483	Marble Madness	2	1989	Milton Bradley	9	Puzzle	0.0	0.0	0.0	0.0	0.0	Marble Madness.zip
484	Mario Bros	2	1986	Nintendo	9.8	Platform	0.51	0.12	1.63	0.02	2.28	Mario Bros..zip
485	Mario is Missing!	1	1993	Software Toolworks	9.5	Misc	0.0	0.0	0.0	0.0	0.0	Mario is Missing.zip
486	Mario's Time Machine!	1	1994	Software Toolworks	8.2	Misc	0.0	0.0	0.0	0.0	0.0	Mario's Time Machine.zip
490	MC Kids	2	1991	Virgin Interactive	7.5	Platform	0.0	0.0	0.0	0.0	0.0	M.C. Kids.zip
491	Mechanized Attack	1	1990	SNK	4.4	Shooter	0.0	0.0	0.0	0.0	0.0	Mechanized Attack.zip
492	Mega Man	1	1987	Capcom	9.7	Platform	0.45	0.08	0.27	0.01	0.81	Mega Man.zip
493	Mega Man 2	1	1989	Capcom	9.8	Action	0.93	0.15	0.42	0.01	1.51	Mega Man II.zip
494	Mega Man 3	1	1990	Capcom	9.7	Platform	0.68	0.1	0.39	0.0	1.17	Mega Man III.zip
495	Mega Man 4	1	1991	Capcom	9.6	Platform	0.51	0.09	0.32	0.01	0.93	Mega Man IV.zip
496	Mega Man 5	1	1992	Capcom	9.8	Platform	0.39	0.07	0.32	0.01	0.79	Mega Man V.zip
497	Mega Man 6	1	1993	Capcom	9.2	Platform	0.28	0.07	0.16	0.01	0.52	Mega Man VI.zip
499	Mendel Palace	2	1990	Hudson Soft	6.8	Puzzle	0.0	0.0	0.0	0.0	0.0	Mendel Palace.zip
502	Metal Gear	1	1988	Ultra	8.8	Action	0.0	0.0	0.0	0.0	0.0	Metal Gear.zip
503	Metal Mech	1	1990	Jaleco Entertainment	4.3							Metal Mech.zip
504	Metal Storm	1	1990	Irem	8.2	Action	0.0	0.0	0.0	0.0	0.0	Metal Storm.zip
505	Metroid	1	1986	Nintendo	9.7	Action	1.33	0.31	1.04	0.05	2.73	Metroid.zip
506	Michael Andretti's World Grand Prix	2	1990	American Sammy	9.1	Racing	0.0	0.0	0.0	0.0	0.0	Michael Andretti's World Grand Prix.zip
507	Mickey Mousecapade	1	1988	Capcom	7.2	Platform	0.0	0.0	0.0	0.0	0.0	Mickey Mousecapades.zip
508	Mickey's Adventures in Numberland	1	1993	Hi Tech Expressions	8.3	Misc	0.0	0.0	0.0	0.0	0.0	Mickey's Adventures in Numberland.zip
509	Mickey's Safari in Letterland	1	1992	Hi Tech Expressions	7.8	Misc	0.0	0.0	0.0	0.0	0.0	Mickey's Safari in Letterland.zip
510	Micro Machines	2	1991	Codemasters	9	Racing	0.0	0.0	0.0	0.0	0.0	Micro Machines.zip
511	Mig-29: Soviet Fighter	2	1992	Codemasters	6.3	Shooter	0.0	0.0	0.0	0.0	0.0	MIG-29 Soviet Fighter.zip
512	Might and Magic	1	1991	American Sammy	8	Role-Playing	0.0	0.0	0.0	0.0	0.0	Might & Magic - Secret of the Inner Sanctum.zip
513	Mighty Bomb Jack	1	1987	Tecmo	6.3	Platform	0.0	0.0	0.0	0.0	0.0	Mighty Bomb Jack.zip
514	Mighty Final Fight	1	1993	Capcom	7.6	Action	0.0	0.0	0.0	0.0	0.0	Mighty Final Fight.zip
515	Mike Tyson's Punch-Out!!	1	1987	Nintendo	9.8	Fighting	2.03	0.47	0.45	0.07	3.02	Mike Tyson's Punch-Out!!.zip
516	Millipede	2	1988	Hal	6.3	Shooter	0.0	0.0	0.0	0.0	0.0	Millipede.zip
517	Milon's Secret Castle	1	1987	Hudson Soft	7.3	Platform	0.0	0.0	0.0	0.0	0.0	Milon's Secret Castle.zip
521	Mission: Impossible	1	1990	Ultra	6.5	Action	0.0	0.0	0.0	0.0	0.0	Mission Impossible.zip
524	Monopoly	8	1991	Arcadia Systems	9.6	Misc	0.0	0.0	0.0	0.0	0.0	Monopoly.zip
525	Monster in my Pocket	2	1991	Konami	7.6	Platform	0.0	0.0	0.0	0.0	0.0	Monster In My Pocket.zip
526	Monster Party	1	1989	Bandai	7.3	Misc	0.0	0.0	0.0	0.0	0.0	Monster Party.zip
527	Monster Truck Rally	4	1990	INTV	6							Monster Truck Rally.zip
531	Motor City Patrol	1	1991	Matchbox	4.8							Motor City Patrol.zip
532	Ms. Pac-Man	2	1993	Namco	9.7	Puzzle	0.0	0.0	0.0	0.0	0.0	Ms. Pac Man (Tengen).zip
533	MULE	4	1990	Mindscape Inc.	7	Strategy	0.0	0.0	0.0	0.0	0.0	M.U.L.E..zip
534	Muppet Adventure: Chaos at the Carnival	1	1990	Hi Tech Expressions	7.2							Muppet Adventure - Chaos at the Carnival.zip
535	MUSCLE	2	1986	Bandai	6	Fighting	0.0	0.0	1.05	0.0	1.05	M.U.S.C.L.E..zip
536	Mutant Virus The	1	1990	American Softworks	4.7							Mutant Virus, The.zip
537	Mystery Quest	1	1988	Taxan	7	Platform	0.0	0.0	0.0	0.0	0.0	Mystery Quest.zip
539	NARC	2	1990	Acclaim	7.2	Shooter	0.0	0.0	0.0	0.0	0.0	NARC.zip
541	NES Open Tournament Golf	2	1991	Nintendo	9.1	Sports	0.41	0.1	0.47	0.02	1.0	NES Open Tournament Golf.zip
542	NES Play Action Football	4	1990	Nintendo	9.8	Sports	0.0	0.0	0.0	0.0	0.0	NES Play Action Football.zip
543	NFL Football	2	1988	LJN Ltd.	4.4	Sports	0.0	0.0	0.0	0.0	0.0	NFL Football.zip
544	Nigel Mansell's World Championship Challenge	1	1993	GameTek	5.6							Nigel Mansell's World Championship Challenge.zip
545	A Nightmare on Elm Street	4	1989	LJN Ltd.	8	Platform	0.0	0.0	0.0	0.0	0.0	A Nightmare on Elm Street.zip
546	Nightshade	1	1991	Ultra	8.8	Action	0.0	0.0	0.0	0.0	0.0	Nightshade.zip
548	Ninja Crusaders	2	1990	Sammy Studios	7	Platform	0.0	0.0	0.0	0.0	0.0	Ninja Crusaders.zip
549	Ninja Gaiden	1	1989	Tecmo	9.2	Action	0.0	0.0	0.0	0.0	0.0	Ninja Gaiden.zip
550	Ninja Gaiden 2: The Dark Sword of Chaos	1	1990	Tecmo	9.5	Platform	0.0	0.0	0.0	0.0	0.0	Ninja Gaiden II - The Dark Sword of Chaos.zip
551	Ninja Gaiden 3: The Ancient Ship of Doom	1	1991	Tecmo	8	Action	0.0	0.0	0.0	0.0	0.0	Ninja Gaiden III - The Ancient Ship of Doom.zip
554	Ninja Kid	1	1986	Bandai	4.3	Platform	0.0	0.0	0.0	0.0	0.0	Ninja Kid.zip
555	Nintendo World Cup	4	1990	Nintendo	9.8	Sports	0.28	0.5	0.65	0.05	1.48	Nintendo World Cup.zip
556	Nobunaga's Ambition	8	1989	Koei	6.8	Strategy	0.0	0.0	0.0	0.0	0.0	Nobunaga's Ambition.zip
557	Nobunaga's Ambition 2		1991	Koei	7.8	Strategy	0.0	0.0	0.0	0.0	0.0	Nobunaga's Ambition 2.zip
558	North & South	2	1990	Kemco	8.5	Strategy	0.0	0.0	0.0	0.0	0.0	North & South.zip
561	Operation Wolf	1	1989	Taito Corporation	7.1	Shooter	0.0	0.0	0.0	0.0	0.0	Operation Wolf.zip
562	Orb 3D	1	1990	Hi Tech Expressions	4.7	Puzzle	0.0	0.0	0.0	0.0	0.0	Orb-3D.zip
563	Othello	2	1988	Acclaim	8.7	Misc	0.0	0.0	0.0	0.0	0.0	Othello.zip
564	Overlord	1	1992	Virgin Interactive	3.8	Strategy	0.0	0.0	0.0	0.0	0.0	Overlord.zip
566	Paaman 2: Down with the Secret Madou Society!	1	2003	-	2.3							Milon's Secret Castle.zip
567	Pac-Man	2	1984	Namco Bandai Games	9.5	Puzzle	0.27	0.08	0.85	0.02	1.22	Pac Man (Tengen).zip
568	Pac-Man (Namco)	2	1993	Namco	8.8	Puzzle	0.27	0.08	0.85	0.02	1.22	Ms. Pac Man (Namco).zip
569	Pac-Man (Tengen)	2	1984	Tengen	8.8	Puzzle	0.0	0.0	0.0	0.0	0.0	Ms. Pac Man (Tengen).zip
571	Palamedes	2	1990	Hot B	6.8	Puzzle	0.0	0.0	0.0	0.0	0.0	Palamedes.zip
572	Panic Restaurant	1	1992	Taito Corporation	7.7	Platform	0.0	0.0	0.0	0.0	0.0	Panic Restaurant.zip
573	Paperboy	2	1988	Mindscape Inc.	7.7	Action	0.0	0.0	0.0	0.0	0.0	Paperboy.zip
574	Paperboy 2	2	1991	Mindscape Inc.	8.2	Action	0.0	0.0	0.0	0.0	0.0	Paperboy 2.zip
578	Peter Pan and the Pirates	1	1990	THQ	3.8	Platform	0.0	0.0	0.0	0.0	0.0	Peter Pan & the Pirates.zip
579	Phantom Fighter	1	1989	FCI Inc.	7.2							Phantom Fighter.zip
581	Pictionary	1	1990	LJN Ltd.	6.4	Puzzle	0.0	0.0	0.0	0.0	0.0	Pictionary.zip
582	Pinball	2	1985	Nintendo	9.8	Action	0.8	0.19	0.83	0.03	1.85	Pinball.zip
583	Pinball Quest	1	1990	Jaleco Entertainment	8	Adventure	0.0	0.0	0.0	0.0	0.0	Pinball Quest.zip
585	Pipe Dream	2	1990	Bulletproof Software	8.8	Misc	0.0	0.0	0.0	0.0	0.0	Pipe Dream.zip
586	Pirates!	1	1991	Ultra	8.5	Strategy	0.0	0.0	0.0	0.0	0.0	Pirates!.zip
587	Platoon	1	1988	SunSoft	6.8	Action	0.0	0.0	0.0	0.0	0.0	Platoon.zip
588	Popeye	2	1986	Nintendo	8.3	Platform	0.51	0.12	0.45	0.02	1.1	Popeye.zip
589	POW: Prisoners of War	1	1989	SNK	7.1	Action	0.0	0.0	0.0	0.0	0.0	P.O.W. - Prisoners of War.zip
590	Power Blade	1	1991	Taito Corporation	8.6	Platform	0.0	0.0	0.0	0.0	0.0	Power Blade.zip
591	Power Blade II	1	1992	Taito Corporation	6.8	Platform	0.0	0.0	0.0	0.0	0.0	Power Blade 2.zip
592	Power Punch 2	1	1992	American Softworks	5.1	Sports	0.0	0.0	0.0	0.0	0.0	Power Punch II.zip
593	Predator	1	1989	Activision	4.1	Action	0.0	0.0	0.0	0.0	0.0	Predator.zip
594	Prince of Persia	1	1992	Virgin Interactive	7.7	Action	0.0	0.0	0.0	0.0	0.0	Prince of Persia.zip
595	Princess Tomato in Salad Kingdom	1	1990	Hudson Soft	7.4	Adventure	0.0	0.0	0.0	0.0	0.0	Princess Tomato in Salad Kingdom.zip
597	Pro Sport Hockey		1993	Jaleco Entertainment	8.4							Pro Sport Hockey.zip
598	Pro Wrestling	2	1986	Nintendo	6.3	Fighting	0.77	0.18	1.42	0.03	2.4	Pro Wrestling.zip
599	Punch-Out!!	1	1990	Nintendo	9.6	Fighting	2.03	0.47	0.45	0.07	3.02	Punch-Out!!.zip
600	Punisher The	1	1990	LJN Ltd.	8.7	Action	0.0	0.0	0.0	0.0	0.0	Punisher, The.zip
601	Puss 'n Boots: Pero's Great Adventure	1	1990	Electro Brain	6.7	Platform	0.0	0.0	0.0	0.0	0.0	Puss 'N Boots - Pero's Great Adventure.zip
604	Puzznic	1	1990	Taito Corporation	9.8	Puzzle	0.0	0.0	0.0	0.0	0.0	Puzznic.zip
606	Q*bert	2	1989	Ultra	9.1	Puzzle	0.0	0.0	0.0	0.0	0.0	Q-Bert.zip
607	Qix	2	1990	Taito Corporation	8.3	Puzzle	0.0	0.0	0.0	0.0	0.0	Qix.zip
608	Quattro Adventure	1	1991	Codemasters	8.7	Misc	0.0	0.0	0.0	0.0	0.0	Quattro Adventure.zip
609	Quattro Arcade	2	1992	Camerica	8.4	Misc	0.0	0.0	0.0	0.0	0.0	Quattro Arcade.zip
610	Quattro Sports	2	1991	Codemasters	7.8	Sports	0.0	0.0	0.0	0.0	0.0	Quattro Sports.zip
611	Race America	2	1991	Absolute Entertainment	7.6							Race America.zip
612	Racket Attack	2	1988	Jaleco Entertainment	4.8	Sports	0.0	0.0	0.0	0.0	0.0	Racket Attack.zip
613	Rad Racer	1	1987	Nintendo	4.8	Racing	1.13	0.37	0.41	0.05	1.96	Rad Racer.zip
614	Rad Racer 2	1	1990	SquareSoft	2.7	Racing	0.0	0.0	0.0	0.0	0.0	Rad Racer II.zip
615	Rad Racket: Deluxe Tennis II	2	1991	American Video Entertainment	7.2	Sports	0.0	0.0	0.0	0.0	0.0	Rad Racket - Deluxe Tennis II.zip
618	Raid on Bungeling Bay	1	1987	Hudson Soft	5	Shooter	0.0	0.0	0.0	0.0	0.0	Raid on Bungeling Bay.zip
619	Rainbow Islands: The Story of Bubble Bobble 2	1	1991	Taito Corporation	9.8							Rainbow Islands - The Story of Bubble Bobble 2.zip
621	Rally Bike	2	1990	Romstar	7.3							Rally Bike.zip
622	Rambo	1	1988	Acclaim	5.8	Platform	0.0	0.0	0.0	0.0	0.0	Rambo.zip
623	Rampage	2	1988	Data East	9.7	Action	0.0	0.0	0.0	0.0	0.0	Rampage.zip
624	Rampart	2	1991	Jaleco Entertainment	8.5	Strategy	0.0	0.0	0.0	0.0	0.0	Rampart.zip
625	RBI Baseball	2	1987	-	8.8							R.B.I. Baseball.zip
626	RBI Baseball 2	2	1990	-	8.1							R.B.I. Baseball 2.zip
627	RBI Baseball 3	2	1991	-	8.4							R.B.I. Baseball 3.zip
628	RC Pro Am Racing	1	1989	Nintendo	9.2							R.C. Pro-Am.zip
629	RC Pro Am Racing 2	4	1992	Tradewest	9.3							R.C. Pro-Am II.zip
630	Remote Control	2	1990	Hi Tech Expressions	5.5	Misc	0.0	0.0	0.0	0.0	0.0	Remote Control.zip
631	Ren & Stimpy Show The	1	1993	THQ	9.1	Action	0.0	0.0	0.0	0.0	0.0	Ren & Stimpy Show - Buckaroo$, The.zip
632	Renegade	2	1987	Taito Corporation	7.4	Action	0.0	0.0	0.0	0.0	0.0	Renegade.zip
633	Rescue: The Embassy Mission	1	1989	Kemco	7.2	Shooter	0.0	0.0	0.0	0.0	0.0	Rescue - The Embassy Mission.zip
635	Ring King	2	1987	Data East USA	8.8	Sports	0.0	0.0	0.0	0.0	0.0	Ring King.zip
636	River City Ransom	2	1990	Technos	9.8	Action	0.0	0.0	0.0	0.0	0.0	River City Ransom.zip
637	Road Runner	1	1989	Tengen	7.6	Action	0.0	0.0	0.0	0.0	0.0	Road Runner.zip
638	RoadBlasters	1	1989	Mindscape Inc.	9.7	Racing	0.0	0.0	0.0	0.0	0.0	RoadBlasters.zip
639	Robin Hood: Prince of Thieves	1	1991	Virgin Interactive	8.9	Action	0.0	0.0	0.0	0.0	0.0	Robin Hood - Prince of Thieves.zip
640	Robo Warrior	1	1988	Jaleco Entertainment	7.2	Action	0.0	0.0	0.0	0.0	0.0	Robowarrior.zip
641	RoboCop	1	1989	Data East	7.9	Shooter	0.0	0.0	0.0	0.0	0.0	RoboCop.zip
642	RoboCop 2	2	1990	Data East	8.8	Platform	0.0	0.0	0.0	0.0	0.0	RoboCop 2.zip
643	RoboCop 3	1	1992	Ocean	6.1	Platform	0.0	0.0	0.0	0.0	0.0	RoboCop 3.zip
644	Robodemons	1	1990	-	6.1							Robodemons.zip
645	Rock 'n Ball	4	1989	NTVIC	6.2	Misc	0.0	0.0	0.0	0.0	0.0	Rock 'n Ball.zip
646	Rocket Ranger	1	1990	Kemco	4.3	Action	0.0	0.0	0.0	0.0	0.0	Rocket Ranger.zip
647	Rocketeer The	1	1991	Bandai America Inc.	6	Action	0.0	0.0	0.0	0.0	0.0	Rocketeer, The.zip
648	Rockin' Kats	1	1991	ATLUS	8.3	Platform	0.0	0.0	0.0	0.0	0.0	Rockin' Kats.zip
650	Roger Clemens MVP Baseball	2	1991	LJN Ltd.	7.3	Sports	0.0	0.0	0.0	0.0	0.0	Roger Clemens MVP Baseball.zip
651	Rollerball	2	1990	Hal	9	Misc	0.0	0.0	0.0	0.0	0.0	Rollerball.zip
652	Rollerblade Racer	1	1993	Hi Tech Expressions	5							Rollerblade Racer.zip
653	Rollergames	1	1990	Ultra	5.9	Sports	0.0	0.0	0.0	0.0	0.0	Rollergames.zip
654	Rolling Thunder	1	1989	Namco Bandai Games	8.2	Shooter	0.0	0.0	0.0	0.0	0.0	Rolling Thunder.zip
655	Romance of the Three Kingdoms	8	1989	Koei	7.6	Strategy	0.0	0.0	0.0	0.0	0.0	Romance of The Three Kingdoms.zip
656	Romance of the Three Kingdoms II	1	1990	Koei	6.1	Strategy	0.0	0.0	0.0	0.0	0.0	Romance of The Three Kingdoms II.zip
657	Roundball: 2-on-2 Challenge	4	1992	Mindscape Inc.	6.3	Sports	0.0	0.0	0.0	0.0	0.0	Roundball - 2 on 2 Challenge.zip
658	Rush'n Attack	2	1987	Konami	7.7	Platform	0.0	0.0	0.0	0.0	0.0	Rush 'n Attack.zip
659	Rygar	1	1987	Tecmo	8.6	Platform	0.0	0.0	0.0	0.0	0.0	Rygar.zip
662	SCAT	2	1991	Natsume	6.8	Shooter	0.0	0.0	0.0	0.0	0.0	S.C.A.T. - Special Cybernetic Attack Team.zip
664	Secret Scout	1	1991	-	4.6							Secret Scout - In the Temple of Demise.zip
666	Seicross	2	1988	FCI Inc.	7.3	Action	0.0	0.0	0.0	0.0	0.0	Seicross.zip
667	Sesame Street 123	1	1988	Hi Tech Expressions	2.9	Misc	0.0	0.0	0.0	0.0	0.0	Sesame Street - 123.zip
668	Sesame Street ABC	1	1989	Hi Tech Expressions	2.3	Misc	0.0	0.0	0.0	0.0	0.0	Sesame Street - ABC.zip
669	Sesame Street ABC / 123	1	1991	Hi Tech Expressions	3	Misc	0.0	0.0	0.0	0.0	0.0	Sesame Street - ABC-123.zip
670	Sesame Street Countdown	1	1991	Hi Tech Expressions	2.8	Misc	0.0	0.0	0.0	0.0	0.0	Sesame Street - Countdown.zip
671	Shadow of the Ninja	2	1990	Natsume	8.2	Platform	0.0	0.0	0.0	0.0	0.0	Shadow of the Ninja.zip
672	Shadowgate	1	1989	Kemco	8.7	Adventure	0.0	0.0	0.0	0.0	0.0	Shadowgate.zip
673	Shatterhand	1	1991	Jaleco Entertainment	8.3	Platform	0.0	0.0	0.0	0.0	0.0	Shatterhand.zip
675	Shingen the Ruler	1	1990	Hot-B	7.9	Strategy	0.0	0.0	0.0	0.0	0.0	Shingen the Ruler.zip
678	Shooting Range	4	1989	Bandai	7.3	Shooter	0.0	0.0	0.0	0.0	0.0	Shooting Range.zip
679	Short Order / Eggsplode	2	1989	Nintendo	4.2							Short Order - Eggsplode.zip
681	Side Pocket	2	1987	Namco	6.3	Misc	0.0	0.0	0.0	0.0	0.0	Side Pocket.zip
683	Silent Service	1	1989	Ultra	7	Simulation	0.0	0.0	0.0	0.0	0.0	Silent Service.zip
684	Silkworm	2	1990	American Sammy	8.6	Shooter	0.0	0.0	0.0	0.0	0.0	Silkworm.zip
685	Silver Surfer	2	1990	Arcadia Systems	5.6	Shooter	0.0	0.0	0.0	0.0	0.0	Silver Surfer.zip
686	TheSimpsons: Bart vs. The Space Mutants	1	1991	Acclaim	8.3	Platform	0.0	0.0	0.0	0.0	0.0	Simpsons - Bart vs. The Space Mutants, The.zip
687	TheSimpsons: Bart vs. The World	1	1991	Acclaim	8.5	Platform	0.0	0.0	0.0	0.0	0.0	Simpsons - Bart vs. The World, The.zip
688	TheSimpsons: Bartman Meets Radioactive Man	1	1992	Acclaim	8.1	Platform	0.0	0.0	0.0	0.0	0.0	Simpsons - Bartman Meets Radioactive Man, The.zip
689	Skate or Die	1	1988	Ultra	9.4	Sports	0.0	0.0	0.0	0.0	0.0	Skate or Die.zip
690	Skate or Die 2	1	1990	Electronic Arts	9.8	Sports	0.0	0.0	0.0	0.0	0.0	Skate or Die 2.zip
691	Ski or Die	1	1990	Ultra	9.3	Sports	0.0	0.0	0.0	0.0	0.0	Ski or Die.zip
692	Skull & Crossbones	1	1990	-	6.3							Skull & Crossbones.zip
693	Sky Kid	2	1986	SunSoft	8	Shooter	0.0	0.0	0.0	0.0	0.0	Sky Kid.zip
694	Sky Shark	2	1988	Taito Corporation	8.5	Shooter	0.0	0.0	0.0	0.0	0.0	Sky Shark.zip
695	Slalom	2	1986	Nintendo	7.2	Sports	0.0	0.0	0.0	0.0	0.0	Slalom.zip
696	Smash TV	2	1991	Acclaim	9.8	Shooter	0.0	0.0	0.0	0.0	0.0	Smash T.V..zip
697	Snake Rattle 'n Roll	2	1989	Nintendo	9.1	Platform	0.0	0.0	0.0	0.0	0.0	Snake Rattle 'n Roll.zip
698	Snake's Revenge	1	1990	Ultra	7.8	Action	0.0	0.0	0.0	0.0	0.0	Snake's Revenge - Metal Gear II.zip
699	Snoopy's Silly Sports Spectacular	2	1989	Kemco	7.9	Sports	0.0	0.0	0.0	0.0	0.0	Snoopy's Silly Sports Spectacular.zip
700	Snow Bros.	2	1991	Capcom	9	Platform	0.0	0.0	0.0	0.0	0.0	Snow Bros..zip
701	Soccer	2	1985	Nintendo	9.1	Sports	0.18	0.23	1.53	0.02	1.96	Soccer.zip
703	Solar Jetman: Hunt for the Golden Warship	1	1990	Tradewest	8.4	Action	0.0	0.0	0.0	0.0	0.0	Solar Jetman - Hunt for the Golden Warpship.zip
705	Solitaire	1	1992	-	8.9							Solitaire.zip
706	Solomon's Key	1	1987	Tecmo	8	Puzzle	0.0	0.0	0.0	0.0	0.0	Solomon's Key.zip
707	Solstice	1	1989	Sony Imagesoft	7.1	Puzzle	0.0	0.0	0.0	0.0	0.0	Solstice.zip
708	Space Shuttle Project	1	1991	Absolute Entertainment	5.5	Action	0.0	0.0	0.0	0.0	0.0	Space Shuttle Project.zip
709	Spelunker	1	1985	Irem	5.2	Platform	0.0	0.0	0.0	0.0	0.0	Spelunker.zip
711	Spider-Man: Return of the Sinister Six	1	1992	LJN Ltd.	5.4	Platform	0.0	0.0	0.0	0.0	0.0	Spider-Man - Return of the Sinister Six.zip
712	Spiritual Warfare	1	1992	Wisdom Tree	6.7	Role-Playing	0.0	0.0	0.0	0.0	0.0	Spiritual Warfare.zip
713	Spot	4	1990	Arcadia Systems	8.3	Platform	0.0	0.0	0.0	0.0	0.0	Spot.zip
714	Spy Hunter	1	1987	SunSoft	7.7	Racing	0.0	0.0	0.0	0.0	0.0	Spy Hunter.zip
715	Spy Vs Spy	2	1988	Kemco	7.9	Action	0.0	0.0	0.0	0.0	0.0	Spy vs. Spy.zip
716	Sqoon	1	1986	Irem	5.3	Shooter	0.0	0.0	0.0	0.0	0.0	Sqoon.zip
717	Stack-Up	2	1985	Nintendo	4.4	Puzzle	0.0	0.0	0.0	0.0	0.0	Stack-Up.zip
718	Stadium Events	2	1987	Bandai	8.6							Stadium Events.zip
719	Stanley: The Search for Dr. Livingston...	1	1991	Electro Brain	8							Stanley - The Search for Dr. Livingston.zip
720	Star Force	1	1987	Tecmo	6.8	Shooter	0.0	0.0	0.0	0.0	0.0	Star Force.zip
721	Star Soldier	1	1988	Taxan	5.3	Shooter	0.32	0.06	0.57	0.01	0.96	Star Soldier.zip
723	Star Trek: The Next Generation	1	1993	Absolute Entertainment	5.9	Action	0.0	0.0	0.0	0.0	0.0	Star Trek - The Next Generation.zip
724	Star Voyager	1	1986	Acclaim	5.3	Action	0.0	0.0	0.0	0.0	0.0	Star Voyager.zip
725	Star Wars	1	1991	JVC Digital Studios	8.7	Platform	0.0	0.0	0.0	0.0	0.0	Star Wars.zip
726	Star Wars: The Empire Strikes Back	1	1991	JVC Digital Studios	8.6	Platform	0.0	0.0	0.0	0.0	0.0	Empire Strikes Back , The.zip
727	Starship Hector	1	1987	Hudson Soft	6	Shooter	0.0	0.0	0.0	0.0	0.0	Starship Hector.zip
728	Startropics	1	1990	Nintendo	9.7	Adventure	0.0	0.0	0.0	0.0	0.0	StarTropics.zip
729	Startropics 2: Zoda's Revenge	1	1994	Nintendo	9.8	Adventure	0.0	0.0	0.0	0.0	0.0	StarTropics II - Zoda's Revenge.zip
730	Stealth ATF	2	1989	Activision	5.6	Simulation	0.0	0.0	0.0	0.0	0.0	Stealth ATF.zip
732	Stinger	2	1987	Konami	5	Shooter	0.0	0.0	0.0	0.0	0.0	Stinger.zip
733	Street Cop	1	1987	Bandai	6.6	Action	0.0	0.0	0.0	0.0	0.0	Street Cop.zip
734	Street Fighter 2010: The Final Fight	1	1990	Capcom	8.6	Action	0.0	0.0	0.0	0.0	0.0	Street Fighter 2010 - The Final Fight.zip
735	Strider	1	1989	Capcom	7.9	Platform	0.0	0.0	0.0	0.0	0.0	Strider.zip
740	Super C	2	1990	Konami	9.8	Shooter	0.0	0.0	0.0	0.0	0.0	Super C.zip
741	Super Cars	1	1990	Electro Brain	7.8							Super Cars.zip
742	Super Dodge Ball	2	1989	Sony Imagesoft	9.7	Sports	0.0	0.0	0.0	0.0	0.0	Super Dodge Ball.zip
743	Super Glove Ball	1	1990	Mattel	3	Action	0.0	0.0	0.0	0.0	0.0	Super Glove Ball.zip
744	Super Jeopardy!	4	1990	GameTek	6	Misc	0.0	0.0	0.0	0.0	0.0	Super Jeopardy!.zip
745	Super Mario Bros.	2	1985	Nintendo	9.6	Platform	29.08	3.58	6.81	0.77	40.24	Super Mario Bros..zip
746	Super Mario Bros. / Duck Hunt	2	1988	Nintendo	9.8							2-in-1 Super Mario Bros - Duck Hunt.zip
747	Super Mario Bros. / Duck Hunt / World Class Track Meet	2	1988	Nintendo	8.8							3-in-1 Super Mario Bros - Duck Hunt - World Class Track Meet.zip
748	Super Mario Bros. 2	1	1988	Nintendo	9.7	Platform	5.39	1.18	0.7	0.19	7.46	Super Mario Bros. 2.zip
749	Super Mario Bros. 3	2	1988	Nintendo	9.8	Platform	9.54	3.44	3.84	0.46	17.28	Super Mario Bros. 3.zip
750	Super Pitfall	2	1987	Activision	8.8	Platform	0.0	0.0	0.0	0.0	0.0	Super Pitfall.zip
751	Super Spike V'Ball	4	1989	Nintendo	9.7	Sports	0.0	0.0	0.0	0.0	0.0	Super Spike V'Ball.zip
752	Super Spike V'Ball / Nintendo World Cup	4	1990	Nintendo	9.8	Sports	0.0	0.0	0.0	0.0	0.0	2-in-1 Super Spike V'Ball - World Cup Soccer.zip
753	Super Sprint	2	1989	Altron	6.7	Racing	0.0	0.0	0.0	0.0	0.0	Super Sprint.zip
754	Super Spy Hunter	1	1991	SunSoft	7.6	Racing	0.0	0.0	0.0	0.0	0.0	Super Spy Hunter.zip
755	Super Team Games	6	1988	Nintendo	4.4	Sports	0.0	0.0	0.0	0.0	0.0	Super Team Games.zip
756	Superman	1	1988	Kemco	4	Platform	0.0	0.0	0.0	0.0	0.0	Superman.zip
757	Swamp Thing	1	1992	THQ	4.1	Action	0.0	0.0	0.0	0.0	0.0	Swamp Thing.zip
759	Sword Master	1	1990	Activision	8.7	Platform	0.0	0.0	0.0	0.0	0.0	Sword Master.zip
760	Swords and Serpents	1	1990	Acclaim	7.3	Role-Playing	0.0	0.0	0.0	0.0	0.0	Swords and Serpents.zip
761	T&C II: Thrilla's Surfari	1	1991	LJN Ltd.	9.8	Sports	0.0	0.0	0.0	0.0	0.0	T&C II - Thrilla's Surfari.zip
762	T&C Surf Designs	2	1987	LJN Ltd.	9.8	Sports	0.0	0.0	0.0	0.0	0.0	T&C - Surf Design.zip
764	Taboo: The Sixth Sense	1	1988	Tradewest	4	Misc	0.0	0.0	0.0	0.0	0.0	Taboo - The Sixth Sense.zip
765	Tag Team Wrestling	2	1986	Data East	5.8	Fighting	0.0	0.0	0.0	0.0	0.0	Tag Team Pro Wrestling.zip
767	TaleSpin			Capcom	7.9	Shooter	0.0	0.0	0.0	0.0	0.0	Tale Spin.zip
768	Target: Renegade		1989	Taito Corporation	6.2	Action	0.0	0.0	0.0	0.0	0.0	Target - Renegade.zip
769	Technos Ice Hockey			Nintendo	9	Sports	1.27	0.32	0.78	0.05	2.42	Ice Hockey.zip
771	Tecmo Baseball		1988	Tecmo	7.1	Sports	0.0	0.0	0.0	0.0	0.0	Tecmo Baseball.zip
772	Tecmo Bowl		1989	Tecmo	8.8	Sports	0.0	0.0	0.0	0.0	0.0	Tecmo Bowl.zip
773	Tecmo Cup Soccer Game		1992	Tecmo	9	Sports	0.0	0.0	0.0	0.0	0.0	Tecmo Cup Soccer Game.zip
774	Tecmo NBA Basketball		1992	Tecmo	8.3	Sports	0.0	0.0	0.0	0.0	0.0	Tecmo NBA Basketball.zip
775	Tecmo Super Bowl		1991	Tecmo	8.8	Sports	0.0	0.0	0.0	0.0	0.0	Tecmo Super Bowl.zip
776	Tecmo World Wrestling		1990	Tecmo	7.6	Fighting	0.0	0.0	0.0	0.0	0.0	Tecmo World Wrestling.zip
777	Teenage Mutant Ninja Turtles		1989	Ultra	9.7	Action	3.38	0.44	0.31	0.04	4.17	Teenage Mutant Ninja Turtles - Tournament Fighters.zip
778	Teenage Mutant Ninja Turtles II: The Arcade Game		1990	Ultra	9.7	Action	1.74	0.25	0.21	0.03	2.23	Teenage Mutant Ninja Turtles II - The Arcade Game.zip
779	Teenage Mutant Ninja Turtles III: The Manhattan Project		1992	Konami	9.1	Action	1.05	0.17	0.15	0.02	1.39	Teenage Mutant Ninja Turtles III - The Manhattan Project.zip
780	Teenage Mutant Ninja Turtles Tournament Fighters		1993	Konami	8.1	Fighting	0.04	0.01	0.02	0.0	0.07	Teenage Mutant Ninja Turtles - Tournament Fighters.zip
781	Tennis		1983	Nintendo	7.9	Sports	0.48	0.11	1.56	0.02	2.17	Tennis.zip
782	Terminator 2: Judgment Day		1991	Acclaim	7.5	Action	0.0	0.0	0.0	0.0	0.0	Terminator 2 - Judgment Day.zip
783	Terminator The		1992	Mindscape Inc.	4.1	Action	0.0	0.0	0.0	0.0	0.0	Terminator, The.zip
784	Terra Cresta		1985	Vic Tokai	5.5	Shooter	0.0	0.0	0.0	0.0	0.0	Terra Cresta.zip
786	Tetris		1989	Nintendo	9.6	Puzzle	2.97	0.69	1.81	0.11	5.58	Tetris (Nintendo).zip
787	Tetris 2		1993	Nintendo	9.7	Puzzle	0.62	0.13	0.21	0.02	0.98	Tetris 2.zip
788	Three Stooges The		1989	Activision	6.9	Action	0.0	0.0	0.0	0.0	0.0	Three Stooges, The.zip
789	Thunder & Lightning		1990	Romstar	5	Puzzle	0.0	0.0	0.0	0.0	0.0	Thunder & Lightning.zip
790	Thunderbirds		1990	Activision	6.5	Shooter	0.0	0.0	0.0	0.0	0.0	Thunderbirds.zip
791	Thundercade			American Sammy	5.8	Shooter	0.0	0.0	0.0	0.0	0.0	Thundercade.zip
792	Tiger-Heli		1986	Acclaim	7.4	Shooter	0.0	0.0	0.0	0.0	0.0	Tiger-Heli.zip
793	Tiles of Fate		1990	American Video Entertainment	6	Puzzle	0.0	0.0	0.0	0.0	0.0	Tiles of Fate.zip
794	Time Lord		1989	Milton Bradley	9.7	Action	0.0	0.0	0.0	0.0	0.0	Time Lord.zip
796	Times of Lore		1990	Toho	4.3	Role-Playing	0.0	0.0	0.0	0.0	0.0	Times of Lore.zip
797	Tiny Toon Adventures		1991	Konami	9.1	Platform	0.0	0.0	0.0	0.0	0.0	Tiny Toon Adventures.zip
798	Tiny Toon Adventures 2: Trouble in Wackyland		1993	Konami	8.7	Platform	0.0	0.0	0.0	0.0	0.0	Tiny Toon Adventures 2 - Trouble in Wackyland.zip
799	Tiny Toon Adventures Cartoon Workshop		1992	Konami	8.3	Misc	0.0	0.0	0.0	0.0	0.0	Tiny Toon Adventures - Cartoon Workshop.zip
800	To The Earth		1989	Nintendo	9.5	Shooter	0.0	0.0	0.0	0.0	0.0	To The Earth.zip
801	Toki		1991	Taito Corporation	7.3	Adventure	0.0	0.0	0.0	0.0	0.0	Toki.zip
802	Tom & Jerry		1991	Hi Tech Expressions	8.6	Platform	0.0	0.0	0.0	0.0	0.0	Tom & Jerry.zip
803	Tombs and Treasure		1989	Infocom	6.5	Role-Playing	0.0	0.0	0.0	0.0	0.0	Tombs & Treasure.zip
804	Toobin'		1989	Tengen	6.2	Action	0.0	0.0	0.0	0.0	0.0	Toobin'.zip
805	Top Gun		1987	Konami	6.6	Simulation	0.0	0.0	0.0	0.0	0.0	Top Gun.zip
806	Top Gun: The Second Mission		1989	Konami	5.8	Simulation	0.0	0.0	0.0	0.0	0.0	Top Gun - The Second Mission.zip
807	Top Players' Tennis: Featuring Chris Evert & Ivan Lendl		1990	Asmik Corporation of America	7							Evert & Lendl Top Player's Tennis.zip
808	Total Recall		1990	Acclaim	5.8	Platform	0.0	0.0	0.0	0.0	0.0	Total Recall.zip
809	Totally Rad		1991	Jaleco Entertainment	9	Platform	0.0	0.0	0.0	0.0	0.0	Totally Rad.zip
810	Touchdown Fever		1988	SNK	4.8							Touchdown Fever.zip
811	Toxic Crusaders		1991	Bandai	4.3	Action	0.0	0.0	0.0	0.0	0.0	Toxic Crusaders.zip
812	Track & Field		1987	Konami	6.8	Sports	0.0	0.0	0.0	0.0	0.0	Track & Field.zip
813	Track & Field 2		1988	Konami	8.6	Sports	0.0	0.0	0.0	0.0	0.0	Track & Field II.zip
815	Treasure Master		1991	American Softworks	5.8	Platform	0.0	0.0	0.0	0.0	0.0	Treasure Master.zip
816	Trog		1990	Acclaim	7.3	Puzzle	0.0	0.0	0.0	0.0	0.0	Trog.zip
817	Trojan		1986	Capcom	7.3	Platform	0.0	0.0	0.0	0.0	0.0	Trojan.zip
820	Twin Cobra		1989	American Sammy	8	Shooter	0.0	0.0	0.0	0.0	0.0	Twin Cobra.zip
821	Twin Eagle		1989	Romstar	7.4	Shooter	0.0	0.0	0.0	0.0	0.0	Twin Eagle.zip
822	Ultima: Exodus		1988	Pony Canyon	7.8	Role-Playing	0.0	0.0	0.0	0.0	0.0	Ultima - Exodus.zip
823	Ultima: Quest of the Avatar		1990	Pony Canyon	7.9	Role-Playing	0.0	0.0	0.0	0.0	0.0	Ultima - Quest of the Avatar.zip
824	Ultima: Warriors of Destiny		1991	FCI Inc.	5.4	Role-Playing	0.0	0.0	0.0	0.0	0.0	Ultima - Warriors of Destiny.zip
825	Ultimate Air Combat		1991	Activision	6.8	Simulation	0.0	0.0	0.0	0.0	0.0	Ultimate Air Combat.zip
826	Ultimate Basketball		1990	American Sammy	6.7	Sports	0.0	0.0	0.0	0.0	0.0	Ultimate Basketball.zip
827	Ultimate League Soccer		1991	American Video Entertainment	7	Sports	0.0	0.0	0.0	0.0	0.0	Ultmate League Soccer.zip
828	Ultimate Stuntman		1990	Camerica	5.2	Action	0.0	0.0	0.0	0.0	0.0	Ultimate Stuntman.zip
829	Uncharted Waters		1991	Koei	7.5	Strategy	0.0	0.0	0.0	0.0	0.0	Uncharted Waters.zip
830	Uninvited		1991	Kemco	7.8	Adventure	0.0	0.0	0.0	0.0	0.0	Uninvited.zip
831	Untouchables The		1990	Ocean	5.6							Untouchables, The.zip
832	Urban Champion		1984	Nintendo	9.8	Fighting	0.0	0.0	0.0	0.0	0.0	Urban Champion.zip
833	Vegas Dream		1990	Hal	6	Misc	0.0	0.0	0.0	0.0	0.0	Vegas Dream.zip
834	Venice Beach Volleyball		1991	American Video Entertainment	7.5	Sports	0.0	0.0	0.0	0.0	0.0	Venice Beach Volleyball.zip
836	Vice: Project Doom		1991	American Sammy	6.8	Action	0.0	0.0	0.0	0.0	0.0	Vice - Project Doom.zip
837	Videomation		1991	THQ	5.6	Misc	0.0	0.0	0.0	0.0	0.0	Videomation.zip
839	Volleyball		1986	Nintendo	7.6	Sports	0.14	0.03	1.98	0.0	2.15	Volleyball.zip
840	Wacky Races		1992	ATLUS	8.3	Racing	0.0	0.0	0.0	0.0	0.0	Wacky Races.zip
843	Wall Street Kid		1990	Sofel	6.8	Simulation	0.0	0.0	0.0	0.0	0.0	Wall Street Kid.zip
844	Wally Bear & the NO Gang		-	American Video Entertainment	4.5	Action	0.0	0.0	0.0	0.0	0.0	Wally Bear & The NO Gang.zip
845	Wario's Woods		1994	Nintendo	9.8	Puzzle	0.0	0.0	0.0	0.0	0.0	Wario's Woods.zip
847	Wayne Gretzky Hockey		1990	THQ	9.8	Sports	0.0	0.0	0.0	0.0	0.0	Wayne Gretzky Hockey.zip
848	Wayne's World		1993	THQ	5.9	Platform	0.0	0.0	0.0	0.0	0.0	Wayne's World.zip
849	WCW World Championship Wrestling		1989	FCI Inc.	7.4	Fighting	0.0	0.0	0.0	0.0	0.0	WCW World Championship Wrestling.zip
850	Werewolf: The Last Warrior		1990	Data East	6.6	Platform	0.0	0.0	0.0	0.0	0.0	Werewolf - The Last Warrior.zip
851	Wheel of Fortune		1988	GameTek	7.7	Misc	0.0	0.0	0.0	0.0	0.0	Wheel of Fortune - Family Edition.zip
852	Wheel of Fortune Family Edition		1990	GameTek	7.1	Misc	0.0	0.0	0.0	0.0	0.0	Wheel of Fortune - Family Edition.zip
853	Wheel of Fortune Jr.		1988	GameTek	4.4	Misc	0.0	0.0	0.0	0.0	0.0	Wheel of Fortune - Junior Edition.zip
854	Wheel of Fortune Starring Vanna White		1991	GameTek	7.7	Misc	0.0	0.0	0.0	0.0	0.0	Wheel of Fortune - Starring Vanna White.zip
855	Where in Time is Carmen Sandiego		1991	Konami	5							Where in Time is Carmen Sandiego.zip
856	Where's Waldo?		1991	THQ	6.1	Puzzle	0.0	0.0	0.0	0.0	0.0	Where's Waldo.zip
857	Who Framed Roger Rabbit		1988	LJN Ltd.	8.1	Action	0.0	0.0	0.0	0.0	0.0	Who Framed Roger Rabbit.zip
858	Whomp 'Em		1991	Jaleco Entertainment	8.1	Platform	0.0	0.0	0.0	0.0	0.0	Whomp 'Em.zip
859	Widget		1992	ATLUS	5.8	Platform	0.0	0.0	0.0	0.0	0.0	Widget.zip
860	Wild Gunman		1984	Nintendo	9.8	Shooter	0.0	0.0	0.0	0.0	0.0	Wild Gunman.zip
861	Willow		1989	Capcom	8.3	Role-Playing	0.0	0.0	0.0	0.0	0.0	Willow.zip
862	Win Lose or Draw		1990	Hi Tech Expressions	3							Win, Lose or Draw.zip
863	Winter Games		1987	Acclaim	6.7	Sports	0.0	0.0	0.0	0.0	0.0	Winter Games.zip
864	Wizardry: Proving Grounds of the Mad Overlord		1990	Nexoft	7.8	Role-Playing	0.0	0.0	0.0	0.0	0.0	Wizardry - Proving Grounds of the Mad Overlord.zip
865	Wizardry: The Knight of Diamonds		1991	ASCII Entertainment	7.1	Role-Playing	0.0	0.0	0.0	0.0	0.0	Wizardry - The Knight of Diamonds.zip
866	Wizards & Warriors		1987	Acclaim	8.7	Platform	0.0	0.0	0.0	0.0	0.0	Wizards & Warriors.zip
867	Wizards & Warriors II: Ironsword		1988	Acclaim	8.6	Platform	0.0	0.0	0.0	0.0	0.0	Wizards & Warriors II - Ironsword.zip
868	Wizards & Warriors III		1991	Acclaim	8.9	Action	0.0	0.0	0.0	0.0	0.0	Wizards & Warriors III.zip
869	Wolverine		1991	LJN Ltd.	7.5	Action	0.0	0.0	0.0	0.0	0.0	Wolverine.zip
870	World Champ		1990	Romstar	8.2							World Champ.zip
871	World Class Track Meet		1988	Nintendo	8.8	Sports	1.92	0.45	0.64	0.07	3.08	World Class Track Meet.zip
872	World Games		1986	Milton Bradley	3.6							World Games.zip
873	Wrath of the Black Manta		1989	Taito Corporation	7.1	Platform	0.0	0.0	0.0	0.0	0.0	Wrath of the Black Manta.zip
874	Wrecking Crew		1985	Nintendo	9.1	Platform	0.0	0.0	0.51	0.0	0.51	Wrecking Crew.zip
875	Wurm		1991	Asmik Corporation of America	7.9	Platform	0.0	0.0	0.0	0.0	0.0	Wurm - Journey to the Center of the Earth.zip
876	WWF King of the Ring		1993	LJN Ltd.	7.4	Fighting	0.0	0.0	0.0	0.0	0.0	WWF King of the Ring.zip
877	WWF WrestleMania		1989	Acclaim	6	Fighting	0.0	0.0	0.0	0.0	0.0	WrestleMania.zip
878	WWF WrestleMania Challenge		1990	LJN Ltd.	8.1	Fighting	0.0	0.0	0.0	0.0	0.0	WWF Wrestlemania Challenge.zip
879	WWF WrestleMania: Steel Cage Challenge		1992	LJN Ltd.	6.6	Fighting	0.0	0.0	0.0	0.0	0.0	WWF Wrestlemania - Steel Cage Challenge.zip
880	X-Men		1988	LJN Ltd.	6.3	Action	0.0	0.0	0.0	0.0	0.0	Marvel's X-Men.zip
881	Xenophobe		1988	SunSoft	3.6	Action	0.0	0.0	0.0	0.0	0.0	Xenophobe.zip
882	Xevious		1988	Bandai	5.5	Shooter	0.18	0.06	1.27	0.01	1.52	Xevious.zip
883	Xexyz		1989	Hudson Soft	7.9	Platform	0.0	0.0	0.0	0.0	0.0	Xexyz.zip
884	Yo! Noid		1990	Capcom	7.8	Platform	0.0	0.0	0.0	0.0	0.0	Yo! Noid.zip
885	Yoshi		1992	Nintendo	9.8	Puzzle	0.7	0.13	0.91	0.01	1.75	Yoshi.zip
886	Yoshi's Cookie		1993	Nintendo	9.7	Puzzle	0.41	0.06	0.63	0.02	1.12	Yoshi's Cookie.zip
887	Young Indiana Jones Chronicles The		1992	Jaleco Entertainment	4.1	Platform	0.0	0.0	0.0	0.0	0.0	Young Indiana Jones Chronicles, The.zip
890	Zanac		1986	FCI Inc.	6.8	Shooter	0.0	0.0	0.0	0.0	0.0	Zanac.zip
891	Zelda II: The Adventure of Link		1988	Nintendo	9.6	Adventure	2.19	0.5	1.61	0.08	4.38	Zelda II - The Adventure of Link.zip
892	Zen: Intergalactic Ninja		1993	Konami	7.7	Platform	0.0	0.0	0.0	0.0	0.0	Zen - Intergalactic Ninja.zip
893	Zombie Hunter		2003	Hi-Score Media Work	7.1	Action	0.0	0.0	0.0	0.0	0.0	Super Spy Hunter.zip
894	Zombie Nation		1990	Meldac	7.3							Zombie Nation.zip
895	10-Yard Fight		1985	Nintendo	6.4	Sports	0.0	0.0	0.0	0.0	0.0	10 Yard Fight.zip
897	1942		1985	Capcom	8	Shooter	0.65	0.14	0.21	0.0	1.0	1942.zip
898	1943		1988	Capcom	7.5	Shooter	0.0	0.0	0.0	0.0	0.0	1943.zip
899	3-D Battles of World Runner 2 The		1987	-	none							3-D Battles of World Runner, The.zip
900	3-D Battles of World Runner The		1987	Acclaim	9.8							3-D Battles of World Runner, The.zip
901	720 Degrees		1989	Mindscape Inc.	4.5	Sports	0.0	0.0	0.0	0.0	0.0	720.zip
902	8 Eyes		1989	Taxan	6.3	Platform	0.0	0.0	0.0	0.0	0.0	8 Eyes.zip
